id,time,latitude,longitude
ak0202j9b7v2,2020-02-24T18:06:19.520Z,62.184,-150.0814
ak0202ja3ixh,2020-02-24T19:38:26.772Z,63.0868,-151.4172
ak0202ja3zyb,2020-02-24T19:40:47.505Z,61.6787,-141.7791
ak0202ja4lre,2020-02-24T19:43:30.062Z,61.6443,-150.3367
ak0202ja7tn1,2020-02-24T19:58:52.057Z,61.4263,-139.9228
ak0202jaojpd,2020-02-24T20:36:34.579Z,67.4956,-166.1003
ak0202jb9ozd,2020-02-24T21:35:00.781Z,60.5169,-147.5619
ak0202jbvm91,2020-02-24T22:37:29.591Z,66.2877,-157.3912
ak0202km4azz,2020-02-25T00:04:06.238Z,60.8408,-151.2608
ak0202km76d0,2020-02-25T00:17:46.845Z,64.9335,-147.3569
ak0202kmpiqo,2020-02-25T01:03:04.426Z,59.6247,-152.5766
ak0202knkhbr,2020-02-25T02:47:33.468Z,50.6871,-173.3786
ak0202knmfc5,2020-02-25T02:56:56.659Z,63.9845,-148.1814
ak0202knn0nd,2020-02-25T02:59:32.430Z,61.5528,-146.2839
ak0202ko1kw2,2020-02-25T03:27:27.042Z,59.987,-151.4281
ak0202ko2ety,2020-02-25T03:31:15.101Z,61.6509,-151.3665
ak0202ko7zpa,2020-02-25T03:57:18.385Z,62.9874,-150.59
ak0202kosls9,2020-02-25T04:53:35.748Z,62.58,-149.4785
ak0202kpe2ly,2020-02-25T05:53:51.953Z,62.1297,-152.9486
ak0202kpu3kg,2020-02-25T06:28:26.869Z,65.4067,-149.9809
ak0202kpwagw,2020-02-25T06:38:51.628Z,60.7213,-151.5813
ak0202kqfzrh,2020-02-25T07:30:43.976Z,64.3399,-149.8039
ak0202kqirur,2020-02-25T07:43:41.054Z,63.0563,-150.3909
ak0202kqk0js,2020-02-25T07:49:20.388Z,68.072,-153.065
ak0202kqlj06,2020-02-25T07:56:30.322Z,61.1769,-146.9407
ak0202kqv6me,2020-02-25T08:01:30.144Z,62.0291,-147.9291
ak0202kr78rh,2020-02-25T08:57:59.307Z,63.2637,-149.7325
ak0202krnbf8,2020-02-25T09:32:51.902Z,60.3142,-152.8577
ak0202ks6ab9,2020-02-25T10:21:08.393Z,62.0814,-152.0817
ak0202ksrjnb,2020-02-25T11:20:26.153Z,61.9826,-147.8864
ak0202kuki7w,2020-02-25T14:23:34.058Z,60.6028,-150.8925
ak0202kwhq3m,2020-02-25T17:46:28.921Z,61.1004,-152.4323
ak0202kwxc8l,2020-02-25T18:19:14.131Z,61.542,-149.7589
ak0202kycv13,2020-02-25T20:59:52.552Z,66.2048,-157.193
ak0202kymajc,2020-02-25T21:03:52.240Z,62.2145,-150.1271
ak0202kyn9hs,2020-02-25T21:08:05.793Z,63.0945,-150.2392
ak0202kyq57p,2020-02-25T21:21:48.998Z,60.5878,-147.5932
ak0202kz7x53,2020-02-25T22:04:42.966Z,61.2043,-150.1574
ak0202kzj1yd,2020-02-25T22:56:36.938Z,61.576,-146.547
ak0202kzt24i,2020-02-25T23:03:05.355Z,61.5791,-146.6483
ak0202kzuroq,2020-02-25T23:11:03.600Z,61.6582,-146.5644
ak0202kzv3jc,2020-02-25T23:12:56.646Z,59.8597,-139.3371
ak0202kzvxxn,2020-02-25T23:16:50.673Z,61.6167,-146.5895
ak0202l04w7n,2020-02-25T23:58:27.389Z,62.2908,-149.9502
ak0202maei80,2020-02-26T01:29:35.048Z,62.9206,-149.2817
ak0202mair3j,2020-02-26T01:49:16.496Z,61.046,-152.3852
ak0202mb34de,2020-02-26T02:44:19.268Z,63.0547,-151.4621
ak0202mb41eh,2020-02-26T02:48:47.613Z,63.0042,-151.5482
ak0202mbk352,2020-02-26T03:23:35.107Z,61.7786,-149.6105
ak0202md7emf,2020-02-26T06:00:10.956Z,61.5513,-151.2813
ak0202mdfbmt,2020-02-26T06:37:05.413Z,63.446,-149.6491
ak0202mepez8,2020-02-26T08:52:09.710Z,63.234,-149.3941
ak0202mf2qg3,2020-02-26T09:14:24.140Z,66.3044,-157.361
ak0202mf3sll,2020-02-26T09:19:17.991Z,59.9764,-139.3537
ak0202mf6tot,2020-02-26T09:33:32.053Z,61.6578,-146.7633
ak0202mgabbb,2020-02-26T11:17:56.235Z,59.9965,-152.831
ak0202mgwy0j,2020-02-26T12:23:16.285Z,63.3832,-150.6484
ak0202mhf1dv,2020-02-26T13:07:56.512Z,64.4407,-149.8459
ak0202mhni1m,2020-02-26T13:47:04.901Z,61.931,-150.3386
ak0202mi4jp3,2020-02-26T14:26:58.456Z,60.089,-152.85
ak0202mi9t9j,2020-02-26T14:51:14.948Z,63.5976,-147.4726
ak0202minifp,2020-02-26T15:15:06.291Z,60.219,-152.6289
ak0202miv2eq,2020-02-26T15:50:30.731Z,63.4727,-146.0712
ak0202mj6syv,2020-02-26T16:05:07.276Z,63.4367,-147.4064
ak0202mkflzr,2020-02-26T18:14:11.918Z,64.8792,-147.2937
ak0202mknr1n,2020-02-26T18:52:10.039Z,61.8183,-149.5617
ak0202mkono3,2020-02-26T18:56:32.358Z,64.7294,-149.1535
ak0202mkzl0c,2020-02-26T19:07:29.678Z,67.4184,-147.59
ak0202ml7jlw,2020-02-26T19:44:44.941Z,63.0546,-150.4325
ak0202mlvzq6,2020-02-26T20:58:51.057Z,61.992,-149.1053
ak0202mmvbj5,2020-02-26T22:23:33.779Z,62.0221,-151.3505
ak0202mnmzsz,2020-02-26T23:52:45.768Z,62.8897,-152.2458
ak0202nxt55y,2020-02-27T01:07:37.721Z,62.159,-149.6346
ak0202nydr44,2020-02-27T02:03:53.277Z,60.5921,-152.2491
ak0202nyfv2e,2020-02-27T02:13:37.666Z,61.3219,-148.0746
ak0202nyh3h9,2020-02-27T02:19:12.868Z,60.6105,-151.7714
ak0202nyjvrj,2020-02-27T02:32:12.762Z,64.7488,-150.6406
ak0202nyz3ew,2020-02-27T03:03:10.481Z,61.4453,-146.6343
ak0202nyzcq6,2020-02-27T03:04:31.182Z,61.553,-149.9865
ak0202nyzi83,2020-02-27T03:05:03.893Z,60.1716,-151.5542
ak0202nz1jzo,2020-02-27T03:14:58.812Z,60.1245,-152.6835
ak0202nz6gmc,2020-02-27T03:37:48.498Z,58.2319,-155.2466
ak0202o05emc,2020-02-27T05:00:51.303Z,62.1616,-148.2509
ak0202o083ii,2020-02-27T05:13:06.989Z,62.6114,-151.3237
ak0202o0ct7t,2020-02-27T05:35:06.362Z,61.519,-150.5534
ak0202o0d8r4,2020-02-27T05:37:07.329Z,63.0565,-150.9675
ak0202o0h6fd,2020-02-27T05:55:43.597Z,62.8933,-149.4993
ak0202o0u1ww,2020-02-27T06:15:51.196Z,60.2065,-151.1831
ak0202o0upqa,2020-02-27T06:18:59.165Z,60.2208,-151.2184
ak0202o1fmgo,2020-02-27T07:16:14.606Z,64.3967,-150.1398
ak0202o236kw,2020-02-27T08:26:06.248Z,58.0624,-153.3907
ak0202o2v4fm,2020-02-27T09:56:42.094Z,62.7687,-149.1039
ak0202o37ath,2020-02-27T10:13:24.593Z,60.5069,-150.8306
ak0202o3ca5t,2020-02-27T10:36:47.852Z,64.9614,-150.6787
ak0202o3q7b1,2020-02-27T11:01:42.883Z,60.4652,-150.9146
ak0202o3t6lz,2020-02-27T11:15:31.767Z,65.801,-151.0308
ak0202o3ui6r,2020-02-27T11:21:49.959Z,62.1209,-147.7579
ak0202o3x9zp,2020-02-27T11:34:43.532Z,61.1845,-149.57
ak0202o4bfrg,2020-02-27T12:00:50.512Z,60.762,-151.8113
ak0202o56asw,2020-02-27T13:44:49.128Z,57.1235,-156.84
ak0202o5p26a,2020-02-27T14:32:01.944Z,61.447,-149.8541
ak0202o5q5p3,2020-02-27T14:37:14.061Z,60.3791,-147.5038
ak0202o5sa51,2020-02-27T14:47:05.207Z,60.4866,-150.8949
ak0202o66o6y,2020-02-27T15:14:18.826Z,60.1706,-153.1754
ak0202o6tt54,2020-02-27T16:22:13.680Z,59.8428,-153.1789
ak0202o7b7nb,2020-02-27T17:03:33.353Z,66.315,-157.3528
ak0202o8hvpg,2020-02-27T19:02:40.144Z,63.6265,-152.2494
ak0202o8ifsj,2020-02-27T19:05:08.220Z,63.0099,-150.2326
ak0202o8tp4a,2020-02-27T19:57:55.219Z,63.2783,-151.7865
ak0202o95m5v,2020-02-27T20:13:14.762Z,65.7721,-165.9782
ak0202o9a6aq,2020-02-27T20:34:43.686Z,61.0075,-147.4041
ak0202o9s3fj,2020-02-27T21:18:02.589Z,63.2926,-150.1654
ak0202o9vjyk,2020-02-27T21:34:16.440Z,65.9944,-161.923
ak0202oaedxy,2020-02-27T22:22:03.019Z,60.1006,-153.1673
ak0202oai21j,2020-02-27T22:39:15.114Z,61.247,-140.9106
ak0202oawvid,2020-02-27T23:08:02.141Z,66.2571,-157.6351
ak0202ob02sq,2020-02-27T23:23:22.985Z,56.9425,-153.5988
ak0202ob1m96,2020-02-27T23:30:41.709Z,60.0447,-152.8953
ak0202ob406r,2020-02-27T23:41:55.395Z,66.1996,-157.2272
ak0202pkufsr,2020-02-28T00:23:15.029Z,60.8533,-152.3753
ak0202pkyaog,2020-02-28T00:41:16.115Z,61.1912,-151.3737
ak0202plelpw,2020-02-28T01:17:23.788Z,62.6751,-149.186
ak0202pll0kx,2020-02-28T01:47:16.251Z,63.266,-149.6613
ak0202pm4sr5,2020-02-28T02:39:45.146Z,64.5497,-147.0129
ak0202pmmkr4,2020-02-28T03:22:39.526Z,61.8584,-150.3908
ak0202pmqlo4,2020-02-28T03:38:56.208Z,65.3126,-163.1204
ak0202pmqlp3,2020-02-28T03:41:19.183Z,60.3087,-140.1224
ak0202pmr08k,2020-02-28T03:43:07.189Z,65.2668,-163.0103
ak0202pms676,2020-02-28T03:48:51.634Z,66.2884,-157.4703
ak0202pn7y1v,2020-02-28T04:22:09.313Z,61.4587,-150.0594
ak0202pnqghy,2020-02-28T05:08:46.788Z,63.1018,-151.4946
ak0202pohgg9,2020-02-28T06:34:42.714Z,62.838,-144.8206
ak0202poi9ix,2020-02-28T06:38:20.044Z,62.8361,-144.9144
ak0202poihu9,2020-02-28T06:39:30.038Z,61.0912,-151.5738
ak0202pojzu9,2020-02-28T06:46:27.692Z,61.116,-147.6445
ak0202powwxx,2020-02-28T07:06:55.418Z,61.3563,-150.0166
ak0202poz70p,2020-02-28T07:17:19.453Z,60.56,-151.9678
ak0202pp3htk,2020-02-28T07:37:21.725Z,63.084,-150.9324
ak0202pphnp3,2020-02-28T08:03:33.357Z,59.6381,-152.8247
ak0202pplqnv,2020-02-28T08:22:39.556Z,61.4191,-151.7742
ak0202ppo1ty,2020-02-28T08:33:16.302Z,64.4834,-147.5071
ak0202pq3k3g,2020-02-28T09:05:51.147Z,61.3145,-150.0492
ak0202pqp5y5,2020-02-28T10:06:32.235Z,62.2714,-149.2206
ak0202pqrxkf,2020-02-28T10:19:23.072Z,59.9111,-151.6966
ak0202pqxxr5,2020-02-28T10:47:17.037Z,61.5711,-153.9673
ak0202prbnqh,2020-02-28T11:11:27.159Z,59.7367,-153.7437
ak0202prhetd,2020-02-28T11:38:10.576Z,61.4752,-149.9372
ak0202prl20w,2020-02-28T11:55:11.043Z,59.8126,-152.1257
ak0202przqdf,2020-02-28T12:23:58.437Z,61.8041,-146.4254
ak0202ps3hjr,2020-02-28T12:41:10.311Z,62.895,-150.3909
ak0202ps5fgc,2020-02-28T12:50:16.281Z,63.4619,-148.741
ak0202pt5p9m,2020-02-28T14:19:39.595Z,61.6482,-151.9045
ak0202ptrdg2,2020-02-28T15:20:50.775Z,60.2186,-150.2325
ak0202ptuy56,2020-02-28T15:37:20.449Z,60.586,-145.1209
ak0202ptvsyk,2020-02-28T15:41:15.420Z,67.6727,-157.046
ak0202pu9406,2020-02-28T16:03:27.970Z,60.4574,-153.1106
ak0202pub890,2020-02-28T16:13:15.042Z,63.029,-150.9232
ak0202pvk0lr,2020-02-28T18:22:11.416Z,61.4958,-151.9028
ak0202pw964k,2020-02-28T19:39:46.287Z,61.3278,-150.1219
ak0202pwpdb4,2020-02-28T20:15:04.454Z,60.9145,-150.9545
ak0202pwukbk,2020-02-28T20:39:28.313Z,61.677,-150.3308
ak0202px8pcq,2020-02-28T21:05:24.927Z,61.0596,-149.2749
ak0202pxi47l,2020-02-28T21:49:16.914Z,63.0335,-150.7224
ak0202py5bpf,2020-02-28T22:57:44.494Z,66.4067,-157.4879
ak0202pyeqqo,2020-02-28T23:01:37.567Z,57.2936,-154.9024
ak0202pygek8,2020-02-28T23:09:13.987Z,63.4231,-151.4163
ak0202r8vbzs,2020-02-29T01:05:02.315Z,57.2883,-152.759
ak0202r931vg,2020-02-29T01:41:02.979Z,60.0952,-147.7393
ak0202r933wg,2020-02-29T01:41:29.353Z,63.2167,-149.1405
ak0202r96ad5,2020-02-29T01:56:09.105Z,62.9222,-151.2533
ak0202ra8htv,2020-02-29T03:34:39.346Z,63.106,-144.3308
ak0202rbwnmp,2020-02-29T06:15:08.340Z,62.9408,-151.3121
ak0202rbytaf,2020-02-29T06:25:13.974Z,63.2711,-151.7152
ak0202rc3dh2,2020-02-29T06:46:42.383Z,60.135,-152.8524
ak0202rcpmj8,2020-02-29T07:50:24.207Z,61.3672,-150.0395
ak0202rd0y9k,2020-02-29T08:03:08.285Z,51.5509,178.8929
ak0202rd5a2e,2020-02-29T08:23:25.702Z,67.0998,-154.8124
ak0202rd7gl7,2020-02-29T08:33:45.236Z,61.0567,-149.2423
ak0202rdbg3n,2020-02-29T08:52:05.132Z,63.2079,-151.4947
ak0202rdcy5w,2020-02-29T08:59:05.801Z,60.992,-150.4936
ak0202rf0593,2020-02-29T11:35:24.761Z,61.4968,-149.9084
ak0202rfexz9,2020-02-29T12:04:27.338Z,63.1404,-150.4768
ak0202rfhy8h,2020-02-29T12:18:31.922Z,61.4729,-152.1364
ak0202rfj21s,2020-02-29T12:23:47.848Z,58.5548,-153.9546
ak0202rflqz8,2020-02-29T12:36:03.967Z,61.4826,-151.8196
ak0202rfq5ca,2020-02-29T12:56:56.421Z,58.4308,-154.7449
ak0202rga6hf,2020-02-29T13:50:02.593Z,62.8268,-149.8465
ak0202rgom7c,2020-02-29T14:17:37.987Z,61.5047,-149.8824
ak0202rh81h9,2020-02-29T15:08:00.612Z,62.1015,-145.4852
ak0202rhb1h0,2020-02-29T15:22:00.850Z,65.9408,-151.1231
ak0202rhwc9p,2020-02-29T16:21:37.570Z,59.9361,-152.7051
ak0202rj2byx,2020-02-29T18:17:29.159Z,57.6561,-155.7911
ak0202rj66f6,2020-02-29T18:35:23.859Z,63.5586,-151.0707
ak0202rj8cok,2020-02-29T18:45:38.254Z,61.7663,-149.9962
ak0202rjmw8v,2020-02-29T19:13:23.392Z,66.1353,-157.3056
ak0202rjwqk3,2020-02-29T19:59:15.512Z,66.1941,-157.1994
ak0202rk61ne,2020-02-29T20:02:58.446Z,66.3337,-157.35
ak0202rkhc9h,2020-02-29T20:55:28.113Z,66.1897,-156.9683
ak0202rksji5,2020-02-29T21:07:54.177Z,59.2105,-152.5131
ak0202rl10do,2020-02-29T21:47:06.319Z,59.6075,-152.8434
ak0202rlfwly,2020-02-29T22:16:54.916Z,61.2817,-146.8527
ak0202rlheck,2020-02-29T22:23:51.986Z,64.9473,-147.2906
ak0202rm3fvn,2020-02-29T23:26:35.119Z,59.6114,-153.1137
ak0202sw07as,2020-03-01T00:37:47.709Z,60.9047,-151.4378
ak0202sw1x30,2020-03-01T00:45:48.448Z,62.1397,-150.3627
ak0202swgoir,2020-03-01T01:14:35.647Z,63.474,-147.7272
ak0202swh2up,2020-03-01T01:16:20.893Z,59.887,-152.7386
ak0202swhyoj,2020-03-01T01:20:34.380Z,66.1986,-157.186
ak0202swl50x,2020-03-01T01:35:16.004Z,61.5667,-149.9912
ak0202swltcc,2020-03-01T01:38:31.459Z,62.663,-151.9981
ak0202swmmt5,2020-03-01T01:42:12.884Z,62.9444,-149.738
ak0202sx0l88,2020-03-01T02:07:23.458Z,69.6104,-144.8002
ak0202sx3t1n,2020-03-01T02:22:25.393Z,60.495,-150.8616
ak0202sx7qb9,2020-03-01T02:40:56.575Z,61.6625,-150.101
ak0202sxsqo3,2020-03-01T03:38:58.548Z,69.5728,-144.849
ak0202sy78yv,2020-03-01T04:06:28.688Z,61.5144,-149.8806
ak0202sy7w4f,2020-03-01T04:09:28.837Z,63.2577,-150.4929
ak0202sydo19,2020-03-01T04:36:41.038Z,60.4808,-152.2581
ak0202syuuw1,2020-03-01T05:16:42.658Z,59.9568,-152.927
ak0202syzhfz,2020-03-01T05:38:01.110Z,60.8321,-149.0437
ak0202szlrza,2020-03-01T06:42:01.820Z,61.8024,-147.1271
ak0202szot9o,2020-03-01T06:56:18.367Z,61.0343,-147.4896
ak0202t00utw,2020-03-01T07:12:38.168Z,59.5147,-152.3652
ak0202t0tehs,2020-03-01T08:45:55.840Z,61.3884,-150.0699
ak0202t0vr32,2020-03-01T08:56:52.082Z,61.5663,-146.4069
ak0202t15j4u,2020-03-01T09:02:14.700Z,67.574,-162.0369
ak0202t173yd,2020-03-01T09:09:51.099Z,60.2737,-151.3246
ak0202t20fd7,2020-03-01T10:46:29.233Z,62.2199,-145.5811
ak0202t21odg,2020-03-01T10:52:12.558Z,57.7585,-154.93
ak0202t2eycl,2020-03-01T11:14:07.092Z,61.6339,-149.9383
ak0202t35yhi,2020-03-01T12:40:05.980Z,58.2709,-153.9906
ak0202t456aw,2020-03-01T14:04:36.937Z,64.7182,-149.1664
ak0202t461oe,2020-03-01T14:08:43.612Z,63.23,-152.103
ak0202t4danx,2020-03-01T14:42:25.841Z,64.6903,-146.8443
ak0202t4prhq,2020-03-01T15:00:42.715Z,61.483,-150.0027
ak0202t4s8z7,2020-03-01T15:12:02.508Z,63.26,-151.0557
ak0202t5l1sc,2020-03-01T16:46:39.486Z,61.9825,-151.4916
ak0202t5xnfl,2020-03-01T17:05:18.920Z,61.2358,-149.313
ak0202t5y9ya,2020-03-01T17:08:10.589Z,61.5781,-147.6256
ak0202t62o29,2020-03-01T17:28:59.697Z,57.2594,-156.289
ak0202t6j429,2020-03-01T18:05:31.085Z,60.8461,-153.4689
ak0202t6m5fo,2020-03-01T18:19:49.390Z,63.4613,-147.5291
ak0202t6s3vk,2020-03-01T18:47:28.728Z,66.2949,-157.4382
ak0202t77bcp,2020-03-01T19:18:23.937Z,60.1629,-140.8986
ak0202t7p459,2020-03-01T20:01:28.993Z,60.3086,-153.3769
ak0202t7r0c1,2020-03-01T20:10:12.193Z,60.4323,-141.6003
ak0202t8l9v3,2020-03-01T21:51:32.533Z,63.1089,-151.4129
ak0202t93wk5,2020-03-01T22:38:24.756Z,60.0184,-152.1086
ak0202t94q6x,2020-03-01T22:42:08.891Z,63.2632,-150.4599
ak0202t95gok,2020-03-01T22:45:52.658Z,62.5143,-151.2707
ak0202ujxltg,2020-03-02T01:03:05.801Z,61.2959,-150.216
ak0202ulro4v,2020-03-02T04:11:28.636Z,61.8049,-149.5372
ak0202ulvj6l,2020-03-02T04:29:31.137Z,61.7504,-150.7967
ak0202ulw0o8,2020-03-02T04:31:57.528Z,59.1651,-152.3099
ak0202ulwsxa,2020-03-02T04:35:23.765Z,61.0763,-150.5404
ak0202umfv8g,2020-03-02T05:24:18.569Z,63.8266,-147.9146
ak0202umyhpn,2020-03-02T06:11:07.681Z,58.1765,-155.3383
ak0202umypto,2020-03-02T06:12:12.774Z,68.8083,-148.4941
ak0202un14pr,2020-03-02T06:23:38.372Z,61.9636,-151.7813
ak0202unktz0,2020-03-02T07:15:30.880Z,62.9544,-151.2884
ak0202uoaioj,2020-03-02T08:35:15.222Z,61.3602,-150.0151
ak0202uoxpoh,2020-03-02T09:43:35.896Z,65.2413,-163.0699
ak0202uph82j,2020-03-02T10:34:39.655Z,61.5835,-146.5087
ak0202upmjaj,2020-03-02T10:59:17.834Z,59.735,-152.3674
ak0202upw8qv,2020-03-02T11:04:46.889Z,61.3738,-151.712
ak0202upw9cy,2020-03-02T11:04:54.747Z,60.1711,-153.0611
ak0202uq0g3a,2020-03-02T11:24:06.276Z,60.0348,-152.7073
ak0202uq5spa,2020-03-02T11:49:04.461Z,61.3593,-149.9486
ak0202uqj6oa,2020-03-02T12:11:49.041Z,65.5505,-149.9805
ak0202uqmrpx,2020-03-02T12:28:22.871Z,60.008,-152.9185
ak0202uqoxjm,2020-03-02T12:38:31.852Z,64.4809,-149.4427
ak0202uqrbbn,2020-03-02T12:49:43.555Z,58.3756,-154.4804
ak0202urcpwz,2020-03-02T13:49:30.116Z,62.785,-152.2852
ak0202urpjcl,2020-03-02T14:09:10.611Z,64.7544,-147.9829
ak0202urq9iv,2020-03-02T14:12:45.773Z,62.22,-153.4783
ak0202us9r82,2020-03-02T15:03:43.741Z,60.2751,-151.1879
ak0202usa561,2020-03-02T15:05:24.574Z,60.7675,-149.6973
ak0202usioxq,2020-03-02T15:45:13.305Z,61.8749,-149.2714
ak0202ut22py,2020-03-02T16:35:56.551Z,60.0755,-151.152
av62138976,2020-02-25T06:05:34.600Z,51.901,179.5666667
av62138981,2020-02-25T06:08:58.160Z,51.9215,179.536
av62138986,2020-02-25T09:32:08.530Z,52.05,-176.0048333
av62139071,2020-02-25T18:11:05.470Z,56.2348333,-159.1318333
av62139091,2020-02-25T21:06:24.600Z,51.8535,-177.8178333
av62139361,2020-02-25T23:58:04.870Z,51.8501667,-177.7631667
av62139476,2020-02-26T00:42:47.030Z,52.0468333,-176.0096667
av62139826,2020-02-26T08:20:58.570Z,51.8515,-177.769
av62139831,2020-02-26T08:42:40.900Z,51.8568333,-177.7731667
av62140071,2020-02-26T18:09:05.540Z,51.8596667,-177.8346667
av62140701,2020-02-27T16:31:22.880Z,51.9365,178.2513333
av62140706,2020-02-27T16:45:08.170Z,52.0593333,-176.117
av62140711,2020-02-27T16:46:47.520Z,52.0551667,-176.1251667
av62140731,2020-02-27T18:43:13.560Z,51.8625,179.4688333
av62141016,2020-02-28T00:47:08.100Z,52.0681667,-176.11
av62141046,2020-02-28T00:56:18.730Z,52.0713333,-176.1125
av62141236,2020-02-28T07:58:27.850Z,51.8683333,-177.9105
av62141276,2020-02-28T09:58:19.980Z,51.8486667,-177.7668333
av70872629,2020-02-26T04:00:34.150Z,52.0643333,-176.1246667
av70872669,2020-02-26T07:07:29.470Z,52.0535,-176.0108333
av70872709,2020-02-26T08:32:44.800Z,52.0641667,-176.0021667
av70872729,2020-02-26T09:52:31.030Z,52.0658333,-176.1186667
av70872734,2020-02-26T09:52:51.230Z,52.0608333,-176.12
av70872959,2020-02-26T13:05:31.960Z,52.0675,-176.1163333
av70873004,2020-02-26T15:00:32.500Z,52.0735,-176.1115
av70873064,2020-02-26T18:20:51.530Z,52.063,-176.1093333
av70873069,2020-02-26T18:20:49.050Z,52.067,-176.1023333
av70873074,2020-02-26T18:22:18.540Z,52.0565,-176.1043333
av70873439,2020-02-28T00:47:09.570Z,52.07,-176.1193333
ci37435301,2020-02-26T18:52:35.240Z,36.0386667,-117.8121667
ci37435405,2020-02-24T18:50:41.460Z,35.9075,-117.6793333
ci39082271,2020-02-24T18:19:00.560Z,35.6315,-117.4215
ci39082287,2020-02-24T18:35:56.610Z,35.9136667,-117.6798333
ci39082303,2020-02-24T18:36:51.100Z,35.9053333,-117.6801667
ci39082327,2020-02-24T18:50:25.660Z,35.914,-117.6788333
ci39082447,2020-02-24T20:41:49.140Z,35.0551667,-118.3483333
ci39082463,2020-02-24T20:51:40.650Z,35.6648333,-117.4865
ci39082479,2020-02-24T21:08:04.690Z,35.881,-117.697
ci39082495,2020-02-24T21:23:19.560Z,35.8998337,-117.742836
ci39082527,2020-02-24T21:53:49.130Z,35.9095,-117.6746667
ci39082575,2020-02-24T22:18:16.870Z,35.7781677,-117.5853348
ci39082583,2020-02-24T22:57:29.020Z,33.4938333,-116.7863333
ci39082703,2020-02-25T00:51:39.350Z,35.6448333,-117.4351667
ci39082791,2020-02-25T05:13:41.930Z,35.7766667,-117.5985
ci39082799,2020-02-25T05:16:42.150Z,35.1101667,-117.4586667
ci39082807,2020-02-25T05:39:24.760Z,33.0926667,-116.5056667
ci39082823,2020-02-25T06:13:34.230Z,35.7511667,-117.5848333
ci39082847,2020-02-25T07:52:00.260Z,35.6841667,-117.5286667
ci39082871,2020-02-25T08:31:39.300Z,35.7181667,-117.5603333
ci39082903,2020-02-25T10:12:34.370Z,35.7218333,-117.5011667
ci39082911,2020-02-25T10:50:23.470Z,32.6305,-115.688
ci39082927,2020-02-25T11:17:59.440Z,35.676,-117.5165
ci39082967,2020-02-25T12:03:21.990Z,35.8676667,-117.694
ci39082975,2020-02-25T12:07:27.720Z,35.9239998,-117.7005005
ci39082983,2020-02-25T12:24:15.290Z,35.6876667,-117.5038333
ci39083039,2020-02-25T13:58:33.890Z,32.8696667,-115.9785
ci39083055,2020-02-25T14:36:15.920Z,35.5931667,-117.3895
ci39083063,2020-02-25T15:03:02.580Z,34.0065,-118.2068333
ci39083095,2020-02-25T16:46:16.040Z,35.3488333,-117.817
ci39083119,2020-02-25T17:16:03.880Z,35.6791667,-117.4636667
ci39083127,2020-02-25T17:19:38.610Z,33.8725,-119.3596667
ci39083143,2020-02-25T17:36:14.210Z,36.0673333,-117.855
ci39083159,2020-02-25T17:38:56.520Z,33.4993333,-116.7896667
ci39083183,2020-02-25T17:54:17.320Z,35.6243333,-117.4391667
ci39083207,2020-02-25T18:22:56.970Z,36.1888351,-118.0283356
ci39083231,2020-02-25T18:46:42.640Z,35.6841667,-117.4803333
ci39083239,2020-02-25T18:50:33.680Z,32.8315,-116.1285
ci39083255,2020-02-25T19:04:57.830Z,35.488,-118.2933333
ci39083279,2020-02-25T19:29:55.150Z,33.849,-117.4993333
ci39083303,2020-02-25T19:47:53.200Z,33.8663333,-116.3705
ci39083399,2020-02-25T22:19:38.460Z,36.114,-117.8696667
ci39083407,2020-02-25T22:21:51.310Z,35.3516667,-117.8193333
ci39083423,2020-02-25T22:30:59.270Z,32.968,-116.2391667
ci39083439,2020-02-25T22:35:19.300Z,35.3535,-117.8158333
ci39083447,2020-02-25T22:35:40.790Z,33.2195,-116.736
ci39083455,2020-02-25T22:37:17.130Z,35.3473333,-117.8226667
ci39083463,2020-02-25T22:38:15.730Z,35.3665,-117.8328333
ci39083471,2020-02-25T23:33:58.450Z,35.8271667,-117.6598333
ci39083503,2020-02-26T00:08:01.020Z,32.4631667,-115.2103333
ci39083527,2020-02-26T00:19:31.500Z,32.4723333,-115.2146667
ci39083567,2020-02-26T00:53:43.290Z,35.3606667,-117.8133333
ci39083583,2020-02-26T01:19:36.370Z,35.3455,-117.8215
ci39083607,2020-02-26T01:54:11.750Z,35.8298333,-117.684
ci39083615,2020-02-26T02:00:22.870Z,35.6741667,-117.4593333
ci39083623,2020-02-26T02:03:12.270Z,35.7638333,-117.5508333
ci39083631,2020-02-26T02:45:48.700Z,35.3493333,-117.824
ci39083639,2020-02-26T03:09:38.070Z,35.8438333,-117.6651667
ci39083655,2020-02-26T03:45:48.480Z,36.0683333,-117.8536667
ci39083671,2020-02-26T04:05:16.500Z,32.8736667,-116.0163333
ci39083711,2020-02-26T05:05:48.810Z,33.1005,-116.5011667
ci39083719,2020-02-26T05:26:35.480Z,35.7798333,-117.5896667
ci39083727,2020-02-26T05:36:52.910Z,32.9823333,-116.221
ci39083743,2020-02-26T06:00:34.000Z,35.8581667,-117.6908333
ci39083759,2020-02-26T06:27:22.670Z,33.8466667,-117.1515
ci39083775,2020-02-26T07:25:23.260Z,33.49,-116.7945
ci39083807,2020-02-26T07:55:31.610Z,32.8693333,-116.0205
ci39083815,2020-02-26T08:05:53.730Z,33.6385,-116.7205
ci39083823,2020-02-26T08:31:40.460Z,35.3491667,-117.825
ci39083855,2020-02-26T09:34:23.870Z,35.3516667,-117.823
ci39083871,2020-02-26T10:19:22.250Z,36.3843333,-117.8596667
ci39083879,2020-02-26T10:22:34.260Z,36.115,-117.829
ci39083895,2020-02-26T10:55:43.040Z,35.8255,-117.6618333
ci39083911,2020-02-26T11:35:02.710Z,36.115,-117.8366667
ci39083927,2020-02-26T11:51:20.040Z,32.6731667,-115.6471667
ci39083951,2020-02-26T12:25:19.390Z,35.7838333,-117.5775
ci39083983,2020-02-26T13:02:43.630Z,35.834,-117.6743333
ci39083991,2020-02-26T13:09:11.030Z,35.9643333,-117.3838333
ci39083999,2020-02-26T13:17:50.340Z,35.3585,-117.829
ci39084111,2020-02-26T15:13:00.160Z,35.7921667,-117.6283333
ci39084159,2020-02-26T15:37:52.630Z,32.7763333,-115.834
ci39084215,2020-02-26T17:10:55.490Z,35.8666667,-117.6965
ci39084303,2020-02-26T18:54:36.690Z,35.8188333,-117.6373333
ci39084319,2020-02-26T19:10:03.940Z,33.338,-117.1388333
ci39084359,2020-02-26T19:48:31.180Z,35.3321667,-118.625
ci39084383,2020-02-26T19:57:32.780Z,34.9971667,-118.182
ci39084447,2020-02-26T21:01:08.490Z,35.8576667,-117.6843333
ci39084591,2020-02-26T23:00:25.010Z,33.9201667,-116.324
ci39084599,2020-02-26T23:04:23.820Z,34.337,-116.4525
ci39084615,2020-02-26T23:22:48.510Z,35.8681667,-117.6971667
ci39084647,2020-02-26T23:49:21.780Z,33.5803333,-116.8131667
ci39084655,2020-02-26T23:52:59.530Z,35.6491667,-117.4501667
ci39084703,2020-02-27T00:22:09.940Z,33.4608333,-116.5611667
ci39084719,2020-02-27T00:30:30.900Z,36.116,-117.8818333
ci39084759,2020-02-27T01:28:17.450Z,33.2265,-116.7366667
ci39084807,2020-02-27T02:23:57.840Z,35.7155,-117.5065
ci39084847,2020-02-27T03:12:31.960Z,33.2251667,-116.313
ci39084863,2020-02-27T03:42:53.920Z,33.8803333,-117.721
ci39084871,2020-02-27T03:52:52.050Z,35.6836667,-117.5083333
ci39084879,2020-02-27T04:24:37.600Z,36.094,-117.8563333
ci39084911,2020-02-27T05:26:32.150Z,35.6826667,-117.529
ci39084935,2020-02-27T05:58:30.950Z,33.7053333,-116.8178333
ci39084951,2020-02-27T06:07:18.520Z,33.8826667,-117.722
ci39084999,2020-02-27T07:50:59.610Z,35.6158333,-117.437
ci39085007,2020-02-27T07:58:30.970Z,33.8573333,-117.7886667
ci39085023,2020-02-27T08:25:02.360Z,35.7065,-117.5073333
ci39085047,2020-02-27T08:33:46.310Z,33.8788333,-116.821
ci39085055,2020-02-27T09:20:00.980Z,34.158,-116.4221667
ci39085087,2020-02-27T10:22:33.910Z,34.1593323,-116.4256668
ci39085127,2020-02-27T10:33:01.560Z,35.9591667,-117.3791667
ci39085143,2020-02-27T11:28:46.140Z,34.1588333,-116.4266667
ci39085159,2020-02-27T11:49:49.250Z,34.1543333,-116.4273333
ci39085183,2020-02-27T12:21:32.260Z,34.1555,-116.4316667
ci39085191,2020-02-27T12:26:33.350Z,32.9685,-115.7998333
ci39085207,2020-02-27T12:32:40.350Z,35.71,-117.5028333
ci39085223,2020-02-27T12:40:08.320Z,33.1281667,-115.5976667
ci39085239,2020-02-27T13:19:48.090Z,35.6651667,-117.5511667
ci39085247,2020-02-27T13:35:29.020Z,35.7733333,-117.5935
ci39085263,2020-02-27T13:52:03.150Z,35.6588333,-117.46
ci39085271,2020-02-27T14:04:03.020Z,34.1616667,-116.4203333
ci39085311,2020-02-27T14:24:58.470Z,33.3616667,-116.4073333
ci39085359,2020-02-27T15:10:16.710Z,35.703167,-117.5540009
ci39085375,2020-02-27T15:13:41.620Z,35.9031667,-117.6955
ci39085431,2020-02-27T16:36:22.930Z,36.0513333,-117.8508333
ci39085479,2020-02-27T17:06:22.990Z,35.5986667,-117.4046667
ci39085583,2020-02-27T18:25:18.040Z,34.3408333,-116.8851667
ci39085623,2020-02-27T18:49:44.100Z,33.4875,-116.7893333
ci39085647,2020-02-27T18:57:11.680Z,33.322,-116.403
ci39085663,2020-02-27T19:00:38.080Z,33.4413333,-116.576
ci39085695,2020-02-27T19:24:27.790Z,33.8438333,-117.752
ci39085703,2020-02-27T19:28:09.650Z,33.8546667,-117.7933333
ci39085711,2020-02-27T19:42:00.130Z,35.587,-117.4091667
ci39085735,2020-02-27T20:10:15.520Z,35.5993333,-117.415
ci39085775,2020-02-27T21:30:05.910Z,34.2618333,-117.1426667
ci39085839,2020-02-27T22:23:05.400Z,35.349,-117.8241667
ci39085847,2020-02-27T22:28:40.800Z,35.3543333,-117.8235
ci39085863,2020-02-27T22:55:38.550Z,35.6425,-117.5811667
ci39085919,2020-02-27T23:39:23.010Z,34.2026667,-116.8751667
ci39085943,2020-02-28T00:01:49.550Z,35.877,-117.7046667
ci39085967,2020-02-28T00:31:35.730Z,34.4741667,-119.2571667
ci39086031,2020-02-28T01:34:08.390Z,35.5873333,-117.4995
ci39086039,2020-02-28T01:39:52.090Z,34.507,-116.5126667
ci39086055,2020-02-28T02:26:56.370Z,35.8906667,-117.7346667
ci39086087,2020-02-28T04:16:03.460Z,34.033,-116.7783333
ci39086119,2020-02-28T06:45:16.050Z,35.9118333,-117.6878333
ci39086127,2020-02-28T06:50:23.770Z,35.7615,-117.583
ci39086143,2020-02-28T07:58:05.900Z,35.7308333,-117.494
ci39086151,2020-02-28T08:22:32.120Z,35.7548333,-117.5835
ci39086159,2020-02-28T08:23:21.660Z,35.855,-117.6961667
ci39086167,2020-02-28T08:30:16.120Z,37.0943333,-117.9716667
ci39086175,2020-02-28T08:46:13.280Z,34.0305,-116.7715
ci39086215,2020-02-28T10:29:53.500Z,35.7151667,-117.5638333
ci39086231,2020-02-28T11:10:12.800Z,35.6843333,-117.4968333
ci39086263,2020-02-28T12:22:54.350Z,33.7525,-116.0853333
ci39086279,2020-02-28T12:37:49.010Z,35.6778333,-117.387
ci39086287,2020-02-28T12:39:12.070Z,33.3866667,-116.9353333
ci39086311,2020-02-28T13:32:35.010Z,35.6826667,-117.501
ci39086383,2020-02-28T14:23:50.420Z,34.0896667,-118.2021667
ci39086471,2020-02-28T16:19:17.890Z,35.9533333,-117.682
ci39086575,2020-02-28T18:22:31.830Z,33.2323333,-116.1911667
ci39086583,2020-02-28T18:27:20.390Z,35.8065,-117.6235
ci39086607,2020-02-28T18:49:49.720Z,34.2386667,-117.4423333
ci39086631,2020-02-28T18:51:00.820Z,33.8115,-117.6758333
ci39086647,2020-02-28T19:04:18.350Z,35.0793333,-119.617
ci39086671,2020-02-28T19:26:45.890Z,33.0598333,-116.4003333
ci39086695,2020-02-28T19:54:25.230Z,33.9341667,-117.8546667
ci39086711,2020-02-28T19:55:57.100Z,34.993,-118.1853333
ci39086735,2020-02-28T20:16:11.540Z,35.9021667,-117.7473333
ci39086767,2020-02-28T20:39:49.220Z,34.5125,-118.6283333
ci39086783,2020-02-28T21:05:14.440Z,33.4781667,-116.8018333
ci39086911,2020-02-28T23:43:57.660Z,36.0685,-117.8526667
ci39086919,2020-02-28T23:48:24.020Z,34.2785,-117.4963333
ci39086959,2020-02-29T00:34:39.190Z,33.6966667,-117.475
ci39086999,2020-02-29T01:04:13.810Z,33.7643333,-116.9381667
ci39087015,2020-02-29T01:20:28.820Z,34.0211667,-116.9003333
ci39087039,2020-02-29T01:44:39.540Z,33.1861667,-115.6055
ci39087063,2020-02-29T02:41:13.110Z,35.4976667,-117.4506667
ci39087071,2020-02-29T02:42:06.760Z,36.147,-117.9158333
ci39087111,2020-02-29T04:20:01.280Z,35.8431667,-117.6675
ci39087271,2020-02-29T09:21:50.850Z,35.6935,-117.55
ci39087295,2020-02-29T09:51:46.490Z,33.9926667,-117.1828333
ci39087319,2020-02-29T10:53:25.330Z,34.0308333,-116.9426667
ci39087359,2020-02-29T12:35:30.040Z,35.8485,-117.6835
ci39087367,2020-02-29T12:35:38.020Z,35.8433342,-117.6823349
ci39087407,2020-02-29T14:23:19.110Z,35.659,-117.5263333
ci39087455,2020-02-29T15:31:05.670Z,35.6666667,-117.5408333
ci39087487,2020-02-29T17:34:07.760Z,35.6718333,-117.5203333
ci39087511,2020-02-29T18:46:24.380Z,35.767,-117.5868333
ci39087543,2020-02-29T20:07:11.100Z,35.8541667,-117.6881667
ci39087583,2020-02-29T21:24:23.080Z,36.0996667,-117.861
ci39087591,2020-02-29T21:30:05.160Z,35.3593333,-117.819
ci39087607,2020-02-29T21:59:08.200Z,36.0701667,-117.8811667
ci39087631,2020-02-29T22:05:52.100Z,35.9451667,-117.7171667
ci39087671,2020-02-29T23:33:46.100Z,35.7201667,-117.506
ci39087679,2020-02-29T23:55:48.030Z,35.6583333,-117.4605
ci39087783,2020-03-01T02:00:45.410Z,35.7186667,-117.5231667
ci39087791,2020-03-01T02:14:17.790Z,33.6366653,-116.7131653
ci39087815,2020-03-01T02:43:00.360Z,36.0971667,-117.8558333
ci39087911,2020-03-01T06:04:08.340Z,36.0156667,-117.8183333
ci39087919,2020-03-01T06:09:44.880Z,35.6463333,-117.476
ci39087943,2020-03-01T06:50:15.260Z,36.0201667,-117.8158333
ci39088007,2020-03-01T08:39:34.370Z,33.646,-116.7245
ci39088039,2020-03-01T09:13:42.320Z,35.9248333,-117.6993333
ci39088055,2020-03-01T10:41:15.640Z,32.1183333,-116.3556667
ci39088063,2020-03-01T10:43:38.060Z,35.9125,-117.6806667
ci39088071,2020-03-01T11:16:00.090Z,35.6448333,-117.6071667
ci39088079,2020-03-01T11:21:43.060Z,35.9119987,-117.6566696
ci39088127,2020-03-01T11:59:39.820Z,35.7173347,-117.501503
ci39088135,2020-03-01T12:10:23.410Z,36.0548333,-117.8821667
ci39088143,2020-03-01T12:21:47.440Z,35.6548333,-117.464
ci39088151,2020-03-01T12:23:45.340Z,32.8616667,-116.0145
ci39088159,2020-03-01T12:41:58.920Z,35.873,-117.7135
ci39088175,2020-03-01T14:33:33.800Z,35.6625,-117.4481667
ci39088191,2020-03-01T15:34:52.790Z,35.7401667,-117.524
ci39088215,2020-03-01T16:31:08.550Z,33.3433333,-116.213
ci39088223,2020-03-01T16:34:17.530Z,35.6968333,-117.546
ci39088231,2020-03-01T16:57:28.590Z,33.3643333,-116.3983333
ci39088239,2020-03-01T17:05:40.070Z,33.8191667,-117.7886667
ci39088247,2020-03-01T17:13:19.470Z,35.8056667,-117.6408333
ci39088255,2020-03-01T18:40:50.360Z,35.8721667,-117.7083333
ci39088279,2020-03-01T20:00:31.150Z,35.8975,-117.7188333
ci39088295,2020-03-01T20:30:14.310Z,34.0078333,-117.0153333
ci39088319,2020-03-01T21:49:48.030Z,34.1723333,-118.3191667
ci39088327,2020-03-01T22:00:24.140Z,35.6855,-117.5288333
ci39088343,2020-03-01T23:18:13.440Z,33.078,-116.4845
ci39088383,2020-03-02T01:24:56.480Z,35.6261667,-117.4373333
ci39088415,2020-03-02T03:37:41.310Z,35.8725,-117.7035
ci39088423,2020-03-02T04:13:01.710Z,35.6836667,-117.4775
ci39088431,2020-03-02T04:13:41.150Z,32.8345,-115.7295
ci39088447,2020-03-02T04:43:32.980Z,33.6883333,-116.0261667
ci39088471,2020-03-02T05:56:32.160Z,33.4975,-116.7888333
ci39088511,2020-03-02T07:41:22.170Z,35.6421667,-117.5806667
ci39088519,2020-03-02T07:50:38.480Z,35.673,-117.5233333
ci39088535,2020-03-02T08:17:28.950Z,34.263,-116.4346667
ci39088559,2020-03-02T09:55:38.630Z,33.5825,-116.8125
ci39088575,2020-03-02T10:59:27.900Z,32.8058319,-115.4544983
ci39088583,2020-03-02T11:07:14.870Z,35.5115,-118.3296667
ci39088591,2020-03-02T11:14:12.730Z,35.5115,-118.3298333
ci39088599,2020-03-02T11:41:45.220Z,33.0365,-116.392
ci39088607,2020-03-02T12:04:51.870Z,33.0368333,-116.4261667
ci39088615,2020-03-02T12:12:36.190Z,35.5101667,-118.3168333
ci39088623,2020-03-02T13:18:09.270Z,35.6671667,-117.5723333
ci39088631,2020-03-02T13:27:50.130Z,32.792,-115.4426667
ci39088639,2020-03-02T13:49:52.990Z,35.649,-117.4968333
ci39088647,2020-03-02T14:23:23.840Z,35.6568333,-117.564
ci39088655,2020-03-02T14:42:19.100Z,33.4503333,-116.5606667
ci39088679,2020-03-02T15:06:27.110Z,35.7,-117.6043333
ci39088735,2020-03-02T17:30:41.030Z,32.7066667,-116.8663333
hv71398602,2020-02-24T20:00:11.950Z,19.3198338,-155.2223358
hv71398817,2020-02-24T22:18:51.370Z,19.2223339,-155.4266663
hv71398822,2020-02-24T22:20:43.160Z,19.2189999,-155.4244995
hv71398852,2020-02-24T22:51:00.780Z,19.1851673,-155.4661713
hv71398857,2020-02-24T22:58:31.530Z,19.2191658,-155.3975067
hv71398937,2020-02-25T00:04:09.370Z,19.1658325,-155.4550018
hv71398942,2020-02-25T00:13:04.150Z,19.1613331,-155.4539948
hv71399077,2020-02-25T02:02:05.850Z,19.2150002,-155.3990021
hv71399247,2020-02-25T04:34:06.830Z,19.2131672,-155.3890076
hv71399382,2020-02-25T06:31:32.480Z,19.4841667,-154.9718333
hv71399387,2020-02-25T06:33:55.710Z,19.2199993,-155.4178314
hv71399402,2020-02-25T06:47:14.360Z,19.2199993,-155.4006653
hv71399462,2020-02-25T07:35:13.780Z,19.2123337,-155.3975067
hv71399477,2020-02-25T07:41:39.020Z,18.8448333,-155.2365
hv71399527,2020-02-25T08:26:42.850Z,19.7728333,-156.142
hv71399587,2020-02-25T09:44:04.800Z,19.4088326,-155.2878265
hv71399602,2020-02-25T09:56:35.680Z,19.2076664,-155.3984985
hv71399627,2020-02-25T10:10:08.790Z,19.2199993,-155.4013367
hv71399647,2020-02-25T10:19:16.490Z,19.2255001,-155.4453278
hv71399757,2020-02-25T11:40:31.870Z,19.2185001,-155.418335
hv71399792,2020-02-25T12:00:32.610Z,19.1936665,-155.4445038
hv71399857,2020-02-25T12:58:52.470Z,19.2908325,-155.3588409
hv71399982,2020-02-25T14:50:11.440Z,19.2071667,-155.3931732
hv71400017,2020-02-25T15:31:17.130Z,19.4938335,-155.6598358
hv71400077,2020-02-25T16:08:36.800Z,19.3456669,-155.5879974
hv71400082,2020-02-25T16:10:18.510Z,20.3466667,-155.7058333
hv71400112,2020-02-25T16:30:44.260Z,19.469,-155.3215
hv71400162,2020-02-25T17:13:40.520Z,19.3665,-155.173
hv71400232,2020-02-25T17:56:30.250Z,19.2108326,-155.4658356
hv71400337,2020-02-25T19:35:53.670Z,19.2218342,-155.4273376
hv71400377,2020-02-25T20:33:17.400Z,19.1959991,-155.4731598
hv71400482,2020-02-25T21:46:27.790Z,19.2080002,-155.4160004
hv71400562,2020-02-25T22:48:46.630Z,19.1935005,-155.4526672
hv71400672,2020-02-26T00:13:32.480Z,19.2263336,-155.4236603
hv71400922,2020-02-26T02:56:49.770Z,19.2106667,-155.3939972
hv71400987,2020-02-26T04:27:58.630Z,19.2168331,-155.4196625
hv71401117,2020-02-26T06:43:52.160Z,19.3806667,-155.1243286
hv71401127,2020-02-26T06:50:28.350Z,19.1538334,-155.4756622
hv71401202,2020-02-26T09:26:22.410Z,18.8498333,-155.2363333
hv71401227,2020-02-26T09:40:53.480Z,19.8406667,-155.3615
hv71401252,2020-02-26T10:01:55.940Z,19.1836662,-155.4490051
hv71401262,2020-02-26T10:09:51.020Z,19.2029991,-155.4004974
hv71401282,2020-02-26T10:26:57.170Z,19.3493333,-155.457
hv71401427,2020-02-26T12:54:10.390Z,19.1646671,-155.4728394
hv71401532,2020-02-26T14:40:38.150Z,19.1918335,-155.4373322
hv71401562,2020-02-26T15:13:23.960Z,19.2166672,-155.4335022
hv71401607,2020-02-26T15:50:53.150Z,19.3276667,-155.1448333
hv71401612,2020-02-26T15:51:28.340Z,19.3973333,-155.0446667
hv71401697,2020-02-26T16:58:17.870Z,19.4081669,-155.2859955
hv71401712,2020-02-26T17:03:46.180Z,19.1485004,-155.4570007
hv71401787,2020-02-26T18:15:26.150Z,19.2143326,-155.4015045
hv71401792,2020-02-26T18:18:53.020Z,19.2188339,-155.4026642
hv71401812,2020-02-26T18:44:24.020Z,19.1158333,-155.6345
hv71401882,2020-02-26T19:33:28.070Z,19.4338341,-155.2693329
hv71401902,2020-02-26T20:14:47.350Z,19.2008343,-155.4219971
hv71401922,2020-02-26T20:23:07.310Z,19.4171658,-155.2803345
hv71402022,2020-02-26T21:27:00.340Z,19.4794998,-155.5913391
hv71402212,2020-02-27T00:02:11.160Z,19.2033329,-155.4216614
hv71402257,2020-02-27T00:31:11.730Z,19.2089996,-155.4053345
hv71402367,2020-02-27T02:25:46.000Z,19.2089996,-155.4736633
hv71402387,2020-02-27T02:45:04.390Z,19.353,-155.0831667
hv71402562,2020-02-27T05:36:05.900Z,19.2146664,-155.4063263
hv71402572,2020-02-27T06:08:15.380Z,19.1946659,-155.4443359
hv71402672,2020-02-27T08:45:39.360Z,19.1905003,-155.472168
hv71402677,2020-02-27T08:56:27.560Z,19.2258339,-155.4023285
hv71402682,2020-02-27T09:00:13.990Z,19.4058342,-155.2838287
hv71402712,2020-02-27T09:23:36.810Z,19.2220001,-155.4259949
hv71402757,2020-02-27T10:13:53.430Z,19.4121667,-155.283
hv71402952,2020-02-27T13:14:58.460Z,19.2161674,-155.4221649
hv71402972,2020-02-27T13:23:54.350Z,19.2198334,-155.4063263
hv71402977,2020-02-27T13:26:21.500Z,19.4263333,-155.6125
hv71403162,2020-02-27T16:09:52.100Z,19.2283325,-155.4304962
hv71403167,2020-02-27T16:11:05.660Z,19.1851673,-155.466507
hv71403202,2020-02-27T17:03:32.850Z,19.1583328,-155.4666595
hv71403287,2020-02-27T18:11:12.140Z,19.1924992,-155.4681702
hv71403467,2020-02-27T20:19:33.990Z,19.2010002,-155.440506
hv71403487,2020-02-27T20:35:59.490Z,19.2233334,-155.4248352
hv71403542,2020-02-27T21:16:14.910Z,19.2098331,-155.4140015
hv71403632,2020-02-27T22:36:35.780Z,19.1918335,-155.4193268
hv71403902,2020-02-28T02:21:05.390Z,19.2005005,-155.4436646
hv71404117,2020-02-28T07:31:49.280Z,18.8688333,-155.242
hv71404252,2020-02-28T11:01:53.580Z,19.1916667,-155.677
hv71404592,2020-02-28T17:28:01.650Z,19.2073326,-155.4219971
hv71404692,2020-02-28T18:30:19.770Z,19.204834,-155.3945007
hv71405042,2020-02-28T23:05:17.290Z,19.2199993,-155.4143372
hv71405047,2020-02-28T23:05:28.420Z,19.2333336,-155.4236603
hv71405067,2020-02-28T23:33:50.290Z,19.4991667,-155.768
hv71405217,2020-02-29T01:33:27.060Z,19.2046661,-155.4333344
hv71405332,2020-02-29T02:57:39.210Z,19.1668339,-155.468338
hv71405457,2020-02-29T04:47:42.440Z,19.3969994,-155.8828278
hv71405462,2020-02-29T04:48:24.640Z,19.3863335,-155.0435028
hv71405592,2020-02-29T08:01:42.980Z,19.2011662,-155.4138336
hv71405612,2020-02-29T08:27:27.610Z,19.2094994,-155.4086609
hv71405637,2020-02-29T09:12:03.590Z,19.2463341,-155.4494934
hv71405657,2020-02-29T09:31:19.250Z,19.2166672,-155.4116669
hv71405817,2020-02-29T12:51:34.370Z,19.2145004,-155.4149933
hv71405907,2020-02-29T14:31:43.690Z,19.2150002,-155.4216614
hv71406057,2020-02-29T18:06:19.750Z,19.2306671,-155.4243317
hv71406102,2020-02-29T19:00:20.240Z,19.1919994,-155.4714966
hv71406202,2020-02-29T20:51:14.140Z,19.4126663,-155.4406738
hv71406242,2020-02-29T21:22:05.120Z,19.1696663,-155.4583282
hv71406282,2020-02-29T21:59:40.910Z,19.1921673,-155.4146729
hv71406442,2020-03-01T00:20:22.850Z,19.2176666,-155.4263306
hv71406462,2020-03-01T00:38:43.970Z,19.2159996,-155.4329987
hv71406687,2020-03-01T03:45:04.270Z,19.199667,-155.4661713
hv71406727,2020-03-01T04:40:45.020Z,19.2181664,-155.418335
hv71406822,2020-03-01T07:07:33.090Z,19.5003333,-155.4431667
hv71406837,2020-03-01T07:15:02.450Z,19.5065,-155.4381667
hv71406842,2020-03-01T07:17:33.950Z,19.5068333,-155.4403333
hv71406847,2020-03-01T07:21:59.720Z,19.5115,-155.4331667
hv71406882,2020-03-01T07:40:22.400Z,19.5106667,-155.4375
hv71406887,2020-03-01T07:45:09.670Z,19.2080002,-155.4161682
hv71406892,2020-03-01T07:51:09.190Z,19.5083333,-155.4401667
hv71406902,2020-03-01T07:55:12.960Z,19.5063333,-155.4386667
hv71406907,2020-03-01T07:59:59.410Z,19.5061667,-155.4401667
hv71406917,2020-03-01T08:03:47.090Z,19.5073333,-155.4361667
hv71406937,2020-03-01T08:22:37.860Z,19.2146664,-155.3930054
hv71406967,2020-03-01T08:55:47.290Z,19.4991667,-155.4456667
hv71406972,2020-03-01T09:04:12.930Z,19.4988327,-155.4453278
hv71406982,2020-03-01T09:17:25.640Z,19.5066667,-155.4446667
hv71407062,2020-03-01T10:19:48.890Z,19.2119999,-155.4236603
hv71407077,2020-03-01T10:28:43.300Z,19.2129993,-155.4221649
hv71407167,2020-03-01T11:31:47.490Z,19.2113342,-155.4185028
hv71407217,2020-03-01T12:26:41.650Z,19.5061667,-155.4401667
hv71407347,2020-03-01T14:17:16.120Z,19.208334,-155.4676666
hv71407377,2020-03-01T14:34:11.290Z,19.505,-155.4395
hv71407417,2020-03-01T14:59:58.340Z,19.2005005,-155.4629974
hv71407437,2020-03-01T15:10:48.080Z,19.2043343,-155.4353333
hv71407517,2020-03-01T16:36:05.770Z,19.5078333,-155.4376667
hv71407552,2020-03-01T17:02:21.740Z,19.5273342,-155.9535065
hv71407557,2020-03-01T17:06:21.640Z,19.5188333,-155.4226667
hv71407817,2020-03-01T20:06:47.420Z,19.1956673,-155.4555054
hv71407867,2020-03-01T20:30:14.640Z,19.2271671,-155.4381714
hv71407932,2020-03-01T21:18:13.190Z,19.5096667,-155.4285
hv71407957,2020-03-01T21:43:17.130Z,19.234333,-155.4043274
hv71408157,2020-03-01T23:57:06.170Z,19.5023333,-155.4333333
hv71408252,2020-03-02T01:18:47.770Z,19.5106667,-155.4361667
hv71408352,2020-03-02T02:47:33.610Z,19.2046661,-155.3961639
hv71408387,2020-03-02T03:07:36.810Z,19.2231674,-155.3946686
hv71408392,2020-03-02T03:09:43.800Z,19.1973324,-155.465332
hv71408517,2020-03-02T04:54:09.200Z,19.2076664,-155.394165
hv71408532,2020-03-02T05:20:46.380Z,19.5041667,-155.4338333
hv71408592,2020-03-02T06:09:31.120Z,19.5026667,-155.4465
hv71408717,2020-03-02T07:57:53.630Z,19.1743336,-155.4615021
hv71408752,2020-03-02T08:32:01.430Z,19.5109997,-155.428833
hv71408997,2020-03-02T11:25:22.420Z,19.2356663,-155.4233398
hv71409072,2020-03-02T12:20:43.100Z,19.1916676,-155.4703369
hv71409087,2020-03-02T12:28:22.010Z,19.5006676,-155.5769958
hv71409107,2020-03-02T12:39:59.430Z,19.1946659,-155.4214935
hv71409137,2020-03-02T13:01:23.650Z,19.1916676,-155.4603271
hv71409177,2020-03-02T13:37:09.980Z,19.1956673,-155.4170074
hv71409187,2020-03-02T13:58:29.910Z,19.4274998,-155.263504
hv71409192,2020-03-02T14:03:13.450Z,19.4091663,-155.2641602
hv71409197,2020-03-02T14:03:23.290Z,19.2264996,-155.4016724
hv71409212,2020-03-02T14:13:55.750Z,19.1751671,-155.4896698
hv71409217,2020-03-02T14:16:37.880Z,19.2325001,-155.3991699
hv71409327,2020-03-02T16:03:31.120Z,19.2203331,-155.4221649
hv71409352,2020-03-02T16:17:53.070Z,19.2133331,-155.4214935
hv71409362,2020-03-02T16:25:49.720Z,19.2018337,-155.4420013
hv71409377,2020-03-02T16:40:40.680Z,19.2164993,-155.3911591
hv71409417,2020-03-02T17:15:57.270Z,19.5,-155.4463348
hv71409457,2020-03-02T17:39:37.100Z,19.5053329,-155.4528351
mb80382874,2020-02-24T18:02:40.030Z,45.8643333,-111.3598333
mb80382899,2020-02-24T20:02:41.620Z,46.0201667,-112.4691667
mb80382994,2020-02-24T23:22:14.040Z,46.9228333,-112.5105
mb80383004,2020-02-25T00:38:03.980Z,47.6275,-115.8345
mb80383029,2020-02-25T07:10:49.780Z,45.8651667,-111.3698333
mb80383064,2020-02-26T01:41:14.470Z,44.7956667,-111.5413333
mb80383069,2020-02-26T05:00:36.580Z,46.8811667,-112.5203333
mb80383089,2020-02-26T07:21:52.370Z,46.3926667,-115.2535
mb80383109,2020-02-26T11:26:25.130Z,44.7675,-116.1123333
mb80383149,2020-02-26T14:09:30.070Z,43.3738333,-110.5806667
mb80383154,2020-02-26T20:02:41.600Z,46.0045,-112.4698333
mb80383164,2020-02-26T20:30:29.680Z,45.0531667,-111.7526667
mb80383179,2020-02-26T23:31:29.310Z,46.9098333,-112.5223333
mb80383189,2020-02-27T07:47:48.230Z,44.8011667,-111.5355
mb80383274,2020-02-28T08:38:01.520Z,46.863,-112.5235
mb80383279,2020-02-28T09:06:57.280Z,47.5073333,-112.745
mb80383309,2020-02-28T20:04:55.730Z,46.0035,-112.4635
mb80383324,2020-02-28T21:54:05.350Z,44.8031667,-111.5428333
mb80383349,2020-02-29T00:12:42.810Z,46.6833333,-111.3988333
mb80383364,2020-02-29T05:41:16.150Z,46.8716667,-112.52
mb80383379,2020-02-29T05:50:57.610Z,46.8781667,-112.5255
mb80383384,2020-02-29T09:42:55.410Z,44.8178333,-113.3855
mb80383444,2020-02-29T18:39:52.070Z,46.8643333,-112.5303333
mb80383479,2020-03-01T01:13:11.060Z,44.8081667,-111.5456667
mb80383489,2020-03-01T14:43:26.430Z,46.9265,-112.526
mb80383494,2020-03-01T16:04:23.100Z,44.7993333,-111.5601667
mb80383569,2020-03-02T08:22:47.690Z,46.889,-112.5215
mb80383579,2020-02-29T13:09:09.430Z,44.808,-111.5495
nc71111999,2020-02-25T18:52:13.870Z,35.5103333,-120.8303333
nc73345455,2020-02-24T18:04:21.580Z,36.5776667,-121.0686667
nc73345480,2020-02-24T19:24:36.220Z,37.3206667,-122.1035
nc73345485,2020-02-24T19:25:42.390Z,38.8136667,-122.825
nc73345500,2020-02-24T19:43:05.840Z,37.3448333,-118.406
nc73345505,2020-02-24T19:59:33.750Z,39.2906667,-123.2305
nc73345625,2020-02-25T03:35:54.110Z,38.8103333,-122.8239975
nc73345650,2020-02-25T04:03:39.210Z,39.726,-123.6591667
nc73345685,2020-02-25T05:59:28.290Z,37.0525,-121.5
nc73345725,2020-02-25T09:06:00.640Z,38.791832,-122.8105011
nc73345735,2020-02-25T09:56:15.890Z,35.5805,-120.893
nc73345750,2020-02-25T10:20:01.640Z,37.3713333,-121.6271667
nc73345760,2020-02-25T11:17:48.440Z,38.8198318,-122.7900009
nc73345765,2020-02-25T11:25:24.430Z,38.8195,-122.7813333
nc73345775,2020-02-25T11:35:39.340Z,38.8009987,-122.7383347
nc73345780,2020-02-25T12:35:20.280Z,38.0483333,-119.139
nc73345800,2020-02-25T15:18:45.640Z,38.804,-122.818
nc73345840,2020-02-25T18:06:03.850Z,39.213,-123.0995
nc73345845,2020-02-25T18:21:52.310Z,38.9326667,-122.7033333
nc73345860,2020-02-25T18:44:35.640Z,37.6298333,-118.916
nc73345900,2020-02-25T19:52:53.200Z,38.7986667,-122.8141667
nc73345960,2020-02-25T21:55:18.860Z,36.191,-120.7636667
nc73346030,2020-02-26T00:55:17.660Z,37.4166667,-118.5731667
nc73346050,2020-02-26T02:03:59.310Z,38.8129997,-122.8138351
nc73346105,2020-02-26T04:01:25.540Z,36.9981667,-118.3256667
nc73346130,2020-02-26T05:47:50.160Z,37.3968333,-118.6046667
nc73346150,2020-02-26T07:26:44.280Z,38.833168,-122.80867
nc73346160,2020-02-26T08:08:12.860Z,38.821,-122.7653333
nc73346170,2020-02-26T09:11:12.510Z,38.9698333,-123.1073333
nc73346175,2020-02-26T09:21:14.490Z,40.3008333,-124.6188333
nc73346210,2020-02-26T10:59:56.810Z,37.3056667,-122.0893333
nc73346215,2020-02-26T11:06:08.730Z,35.9753333,-120.5273333
nc73346225,2020-02-26T11:59:37.240Z,38.8320007,-122.807663
nc73346235,2020-02-26T12:19:20.960Z,38.8076668,-122.8219986
nc73346240,2020-02-26T12:28:45.260Z,38.8341667,-122.7713333
nc73346245,2020-02-26T12:30:07.590Z,38.8095,-122.7953333
nc73346255,2020-02-26T12:45:26.650Z,38.8031667,-122.8221667
nc73346280,2020-02-26T13:57:41.600Z,38.4128333,-122.6613333
nc73346290,2020-02-26T14:09:01.530Z,36.4353333,-120.6328333
nc73346315,2020-02-26T14:51:25.240Z,36.542,-120.4241667
nc73346330,2020-02-26T15:26:29.910Z,36.5073333,-120.7985
nc73346355,2020-02-26T18:18:38.790Z,38.934,-122.6961667
nc73346365,2020-02-26T18:31:33.530Z,38.8321667,-122.793
nc73346370,2020-02-26T18:34:02.680Z,38.8344994,-122.7881699
nc73346390,2020-02-26T18:35:47.560Z,38.833,-122.7898333
nc73346395,2020-02-26T18:34:13.170Z,38.8345,-122.7873333
nc73346400,2020-02-26T18:36:09.960Z,38.835,-122.7946667
nc73346415,2020-02-26T18:36:38.410Z,38.8429985,-122.7863312
nc73346425,2020-02-26T18:36:03.460Z,38.8388333,-122.8076667
nc73346430,2020-02-26T18:37:31.260Z,38.837,-122.8103333
nc73346445,2020-02-26T18:37:58.520Z,38.8378333,-122.8101667
nc73346450,2020-02-26T18:38:03.120Z,38.8415,-122.7985
nc73346460,2020-02-26T18:44:16.490Z,39.6548333,-120.04
nc73346505,2020-02-26T19:06:01.030Z,38.7908333,-122.7573333
nc73346600,2020-02-26T20:50:44.410Z,36.9101667,-121.5091667
nc73346615,2020-02-26T21:02:56.130Z,38.0085,-122.1676667
nc73346630,2020-02-26T21:46:18.130Z,38.5658333,-122.2828333
nc73346635,2020-02-26T22:14:02.120Z,38.5608333,-122.2918333
nc73346655,2020-02-26T22:37:03.120Z,38.5633333,-122.2808333
nc73346660,2020-02-26T22:50:13.630Z,37.3346667,-122.2323333
nc73346670,2020-02-26T23:24:46.610Z,38.8353333,-122.827
nc73346725,2020-02-27T00:33:38.230Z,38.9325,-122.6981667
nc73346730,2020-02-27T01:01:39.140Z,40.309,-124.4545
nc73346735,2020-02-27T01:09:02.030Z,40.8298333,-123.7465
nc73346760,2020-02-27T01:50:37.950Z,38.808,-122.8186667
nc73346765,2020-02-27T03:02:46.770Z,36.749,-121.3396667
nc73346770,2020-02-27T03:56:10.910Z,38.8356667,-122.8276667
nc73346805,2020-02-27T06:18:28.900Z,40.3896667,-125.0285
nc73346825,2020-02-27T06:51:04.170Z,36.5793333,-121.1055
nc73346840,2020-02-27T07:10:35.330Z,36.7491667,-121.3328333
nc73346865,2020-02-27T08:27:22.860Z,38.8416672,-122.8769989
nc73346890,2020-02-27T10:11:19.270Z,40.2788333,-122.0716667
nc73346910,2020-02-27T11:40:56.850Z,38.7836667,-122.4275
nc73346950,2020-02-27T14:42:18.540Z,38.7885017,-122.7610016
nc73346985,2020-02-27T17:16:00.380Z,36.229,-120.795
nc73347005,2020-02-27T18:06:04.410Z,38.9446667,-123.1518333
nc73347070,2020-02-27T20:17:37.640Z,38.7946663,-122.7440033
nc73347085,2020-02-27T21:09:07.400Z,36.6215,-121.2286667
nc73347095,2020-02-27T21:10:18.250Z,40.3296667,-124.3165
nc73347110,2020-02-27T21:25:08.080Z,36.8921667,-121.614
nc73347185,2020-02-27T23:27:29.870Z,38.8338333,-122.8066667
nc73347190,2020-02-27T23:28:49.020Z,38.8325005,-122.8073349
nc73347205,2020-02-27T23:29:22.950Z,38.8323333,-122.8058333
nc73347225,2020-02-27T23:30:47.650Z,38.8288333,-122.8066667
nc73347230,2020-02-27T23:31:50.960Z,38.8289986,-122.8041687
nc73347250,2020-02-27T23:33:00.950Z,38.8343333,-122.8085
nc73347270,2020-02-27T23:34:09.410Z,38.8303333,-122.8038333
nc73347280,2020-02-27T23:34:39.950Z,38.83,-122.804
nc73347305,2020-02-27T23:37:48.180Z,38.8349991,-122.8093338
nc73347345,2020-02-27T23:41:29.580Z,38.8233333,-122.8095
nc73347360,2020-02-27T23:43:31.880Z,38.822834,-122.8099976
nc73347370,2020-02-27T23:48:14.260Z,38.8223343,-122.8098297
nc73347375,2020-02-27T23:48:32.560Z,38.8215,-122.809
nc73347395,2020-02-27T23:50:47.370Z,38.8246667,-122.8076667
nc73347425,2020-02-28T00:22:09.600Z,40.1353333,-123.8616667
nc73347430,2020-02-28T00:23:04.710Z,37.4773333,-121.8006667
nc73347435,2020-02-28T00:24:28.630Z,38.8146667,-122.8186667
nc73347460,2020-02-28T01:31:46.870Z,38.811,-122.7958333
nc73347485,2020-02-28T03:10:25.390Z,40.597,-124.3931667
nc73347510,2020-02-28T04:26:23.880Z,36.102,-119.8045
nc73347535,2020-02-28T06:12:52.890Z,37.4238333,-118.6101667
nc73347565,2020-02-28T07:52:26.070Z,39.3468333,-123.2368333
nc73347580,2020-02-28T09:53:52.450Z,38.792,-122.8105
nc73347610,2020-02-28T11:12:47.140Z,38.7928333,-122.7686667
nc73347625,2020-02-28T11:34:49.010Z,37.5496667,-118.7813333
nc73347655,2020-02-28T12:16:03.140Z,36.4605,-121.0423333
nc73347660,2020-02-28T12:16:41.570Z,38.7966652,-122.7350006
nc73347725,2020-02-28T14:24:11.440Z,38.7929993,-122.8099976
nc73347745,2020-02-28T16:13:42.910Z,38.7963333,-122.7483368
nc73347790,2020-02-28T19:02:32.160Z,37.4225,-118.615
nc73347795,2020-02-28T19:07:31.940Z,36.3148333,-120.417
nc73347810,2020-02-28T19:16:03.930Z,37.4781667,-121.8006667
nc73347825,2020-02-28T20:03:18.340Z,38.7916679,-122.8111649
nc73347830,2020-02-28T20:20:51.380Z,38.1275,-122.1763333
nc73347875,2020-02-28T22:47:28.780Z,36.6428333,-121.2608333
nc73347885,2020-02-28T23:57:04.820Z,40.303,-122.063
nc73347900,2020-02-29T01:22:12.270Z,38.7890015,-122.7689972
nc73347910,2020-02-29T01:42:46.460Z,38.8548333,-122.463
nc73347940,2020-02-29T03:09:44.230Z,38.8326683,-122.8188324
nc73347970,2020-02-29T05:07:35.580Z,36.6923332,-121.3406677
nc73347985,2020-02-29T05:13:09.650Z,37.8676682,-121.9613342
nc73348010,2020-02-29T07:27:34.920Z,36.5149994,-121.0091629
nc73348015,2020-02-29T07:43:05.870Z,37.6385002,-118.9300003
nc73348065,2020-02-29T11:13:11.260Z,38.8310013,-122.8195038
nc73348075,2020-02-29T11:34:46.350Z,38.3349991,-122.6386642
nc73348170,2020-02-29T15:48:35.220Z,35.9958344,-120.9684982
nc73348180,2020-02-29T16:06:10.690Z,37.4753342,-118.8468323
nc73348195,2020-02-29T17:22:42.210Z,36.5688324,-120.8040009
nc73348235,2020-02-29T18:41:06.980Z,37.6723328,-118.8791656
nc73348255,2020-02-29T19:18:24.910Z,38.7809982,-122.7125015
nc73348260,2020-02-29T19:18:30.600Z,38.7806664,-122.7123337
nc73348270,2020-02-29T19:22:55.460Z,37.4534988,-122.2519989
nc73348275,2020-02-29T19:36:22.390Z,38.8146667,-122.8068314
nc73348290,2020-02-29T20:02:31.940Z,38.8083344,-122.81633
nc73348345,2020-02-29T22:20:07.460Z,36.2355003,-120.8133316
nc73348420,2020-03-01T01:46:56.980Z,39.8933334,-123.1429977
nc73348455,2020-03-01T02:27:10.230Z,38.8059998,-122.7393341
nc73348495,2020-03-01T05:16:48.960Z,41.0008316,-121.3448334
nc73348515,2020-03-01T07:13:07.450Z,36.8481674,-121.5213318
nc73348540,2020-03-01T08:11:03.900Z,37.6409988,-118.9595032
nc73348550,2020-03-01T08:37:54.390Z,40.9286652,-124.4905014
nc73348580,2020-03-01T11:38:37.320Z,40.300499,-124.3583298
nc73348590,2020-03-01T12:11:54.620Z,36.581665,-121.1808319
nc73348685,2020-03-01T16:09:34.290Z,37.8120003,-122.0098343
nc73348725,2020-03-01T20:01:06.130Z,36.9943352,-118.3411636
nc73348730,2020-03-01T20:12:02.120Z,36.0673332,-120.6876678
nc73348745,2020-03-01T21:27:27.420Z,37.5878334,-118.8464966
nc73348770,2020-03-01T23:27:32.740Z,36.8436661,-121.574501
nc73348790,2020-03-02T00:31:07.530Z,40.9216652,-122.2058334
nc73348805,2020-03-02T01:29:51.420Z,36.5966682,-121.1940002
nc73348810,2020-03-02T01:44:04.000Z,38.7963333,-122.7388306
nc73348825,2020-03-02T02:46:52.230Z,38.8028336,-122.8508301
nc73348845,2020-03-02T04:43:01.360Z,40.7915001,-120.9998322
nc73348855,2020-03-02T04:45:21.430Z,38.8035011,-122.8231659
nc73348980,2020-03-02T14:16:53.500Z,35.8066673,-121.137001
nc73348995,2020-03-02T14:50:37.120Z,38.5388336,-122.6561661
nc73349005,2020-03-02T15:56:47.850Z,36.5416679,-121.1316681
nc73349010,2020-03-02T16:04:52.930Z,36.5429993,-121.1338348
nc73349015,2020-03-02T16:09:41.110Z,38.821167,-122.8416672
nc73349020,2020-03-02T16:19:22.780Z,38.8451653,-122.9639969
nm60304931,2020-02-24T20:07:34.310Z,36.2705,-89.4945
nm60305851,2020-02-28T01:30:42.360Z,36.2831667,-89.478
nm60305876,2020-02-28T04:53:56.400Z,36.4811667,-89.5466667
nm60306186,2020-02-29T16:37:30.280Z,36.4971667,-89.6341667
nm60306191,2020-03-01T08:27:42.000Z,36.5395,-89.606
nn00717743,2020-02-24T22:15:40.785Z,35.487,-115.5274
nn00717768,2020-02-25T01:02:43.520Z,37.8178,-116.1231
nn00717777,2020-02-25T06:54:31.180Z,35.6288,-116.3111
nn00717794,2020-02-25T06:53:48.147Z,38.4153,-118.9173
nn00717795,2020-02-25T07:47:09.036Z,39.0401,-119.2808
nn00717810,2020-02-25T20:48:34.258Z,35.6618,-116.4665
nn00717841,2020-02-26T05:09:23.458Z,35.4235,-116.4937
nn00717870,2020-02-26T05:18:33.774Z,38.3314,-115.8224
nn00717874,2020-02-26T10:26:32.020Z,38.3934,-118.9145
nn00717875,2020-02-26T15:45:16.213Z,38.1113,-118.5256
nn00717876,2020-02-26T17:51:26.622Z,39.2303,-119.6831
nn00717879,2020-02-26T21:48:03.809Z,38.1315,-118.3976
nn00717892,2020-02-27T01:22:40.172Z,39.6478,-120.0308
nn00717901,2020-02-27T07:58:23.883Z,38.1281,-118.3784
nn00717909,2020-02-27T12:09:54.212Z,38.1245,-118.3923
nn00717918,2020-02-27T04:26:12.542Z,39.3189,-119.0133
nn00717924,2020-02-27T18:17:10.580Z,37.1704,-117.372
nn00717943,2020-02-27T06:45:51.742Z,38.131,-118.4103
nn00717944,2020-02-27T08:09:52.912Z,38.1206,-118.4011
nn00717945,2020-02-27T14:36:59.128Z,39.9281,-120.8466
nn00717949,2020-02-27T15:40:46.857Z,38.1239,-118.3961
nn00717950,2020-02-27T17:39:10.519Z,38.1241,-118.401
nn00717957,2020-02-27T01:21:25.310Z,38.2445,-118.6607
nn00717960,2020-02-27T07:32:46.203Z,38.1225,-118.3972
nn00717961,2020-02-27T08:58:36.277Z,38.126,-118.4092
nn00717962,2020-02-27T09:17:15.773Z,38.1244,-118.4036
nn00717963,2020-02-27T13:05:39.179Z,38.1248,-118.4079
nn00717975,2020-02-27T20:02:19.035Z,39.6495,-120.0324
nn00717980,2020-02-28T04:28:30.222Z,38.123,-118.39
nn00717981,2020-02-28T04:47:05.758Z,38.1349,-118.3714
nn00717991,2020-02-28T08:10:31.739Z,38.2117,-118.5945
nn00717998,2020-02-28T09:00:26.070Z,37.4082,-117.9135
nn00718012,2020-02-28T06:56:29.289Z,40.5847,-119.6851
nn00718027,2020-02-28T22:35:59.224Z,38.1322,-118.4083
nn00718032,2020-02-29T00:20:10.486Z,37.3186,-114.6474
nn00718033,2020-02-28T23:07:56.548Z,39.3291,-119.0408
nn00718039,2020-02-29T01:21:54.449Z,38.3923,-118.925
nn00718042,2020-02-28T21:08:54.566Z,38.0663,-118.8381
nn00718079,2020-03-01T04:17:01.557Z,38.1289,-118.3934
nn00718088,2020-03-01T04:46:15.770Z,37.0015,-116.468
nn00718106,2020-03-01T20:27:24.545Z,38.1334,-118.3736
nn00718128,2020-03-02T12:30:51.240Z,38.1618,-118.344
nn00718129,2020-03-02T12:56:26.827Z,40.5853,-116.2416
ok2020dwiy,2020-02-24T22:06:51.390Z,36.53483333,-98.97766667
ok2020dwkg,2020-02-24T22:46:57.429Z,36.27816667,-97.49616667
ok2020dwsd,2020-02-25T02:46:19.010Z,36.28333333,-97.51383333
ok2020dwvk,2020-02-25T04:25:49.649Z,36.49133333,-96.97333333
ok2020dxax,2020-02-25T07:11:47.289Z,36.6615,-98.45433333
ok2020dxet,2020-02-25T09:08:39.750Z,36.735,-97.72183333
ok2020dxfd,2020-02-25T09:19:45.250Z,36.89633333,-98.01633333
ok2020dxjb,2020-02-25T11:18:09.810Z,36.53733333,-97.75833333
ok2020dxko,2020-02-25T12:03:53.299Z,35.36966667,-97.87033333
ok2020dxpg,2020-02-25T14:25:56.520Z,36.45183333,-98.77733333
ok2020dxvi,2020-02-25T17:31:01.929Z,35.37233333,-97.87216667
ok2020dxyq,2020-02-25T19:11:14.699Z,35.3655,-97.88766667
ok2020dyan,2020-02-25T20:08:26.329Z,35.37866667,-97.875
ok2020dyee,2020-02-25T21:58:27.910Z,35.38333333,-97.87616667
ok2020dype,2020-02-26T03:31:45.189Z,35.35766667,-97.87733333
ok2020dyrz,2020-02-26T04:57:20.809Z,36.31033333,-98.128
ok2020dzse,2020-02-26T18:11:48.890Z,36.46616667,-98.8225
ok2020eaac,2020-02-26T22:12:06.120Z,34.99433333,-97.81016667
ok2020ebpk,2020-02-27T19:03:28.160Z,36.35416667,-98.1545
ok2020ebru,2020-02-27T20:16:09.289Z,34.26716667,-96.30233333
ok2020ebzs,2020-02-28T00:16:27.170Z,36.94516667,-97.37283333
ok2020eclw,2020-02-28T06:25:46.780Z,36.43233333,-96.93733333
ok2020ecmy,2020-02-28T06:57:46.469Z,36.43366667,-96.94033333
ok2020ecre,2020-02-28T09:05:13.179Z,35.27466667,-97.886
ok2020ecwl,2020-02-28T11:45:33.460Z,36.75016667,-98.06133333
ok2020ecyl,2020-02-28T12:45:15.289Z,35.286,-97.631
ok2020eefg,2020-02-29T05:20:01.389Z,35.0775,-97.75566667
ok2020eeud,2020-02-29T12:52:10.619Z,35.13166667,-95.37933333
ok2020eeux,2020-02-29T13:14:27.780Z,35.113,-95.38533333
ok2020eexs,2020-02-29T14:39:45.859Z,35.10033333,-97.752
ok2020efui,2020-03-01T02:05:02.379Z,36.41883333,-96.87483333
ok2020eglp,2020-03-01T10:49:05.349Z,35.00483333,-97.53883333
ok2020ehns,2020-03-02T01:01:24.929Z,36.83516667,-97.736
ok2020ehvt,2020-03-02T05:04:44.009Z,35.88466667,-97.41966667
ok2020eiof,2020-03-02T14:24:29.089Z,35.14283333,-95.36016667
pr2020055026,2020-02-24T17:54:09.280Z,17.9695,-66.9445
pr2020055027,2020-02-24T18:42:22.460Z,17.8856,-66.8475
pr2020055028,2020-02-24T19:21:00.040Z,17.8483,-66.8373
pr2020055029,2020-02-24T19:17:15.190Z,17.8626,-66.8553
pr2020055030,2020-02-24T19:48:08.820Z,17.9936,-66.76
pr2020055031,2020-02-24T20:19:58.350Z,17.9578,-66.8
pr2020055032,2020-02-24T19:55:43.560Z,17.9206,-66.6526
pr2020055033,2020-02-24T20:51:37.060Z,17.8666,-66.8318
pr2020055034,2020-02-24T21:30:15.620Z,17.8785,-66.8361
pr2020055035,2020-02-24T21:28:43.580Z,17.946,-67.0366
pr2020055036,2020-02-24T22:13:44.080Z,17.913,-66.6531
pr2020055037,2020-02-24T22:40:04.070Z,17.9326,-66.9953
pr2020055038,2020-02-24T22:51:20.150Z,17.8581,-66.863
pr2020055039,2020-02-24T23:07:22.650Z,17.889,-66.8668
pr2020055040,2020-02-24T23:53:01.420Z,17.8108,-66.8601
pr2020056000,2020-02-25T00:18:19.550Z,17.9695,-66.8255
pr2020056001,2020-02-25T00:25:10.930Z,17.8708,-66.8426
pr2020056002,2020-02-25T00:44:49.740Z,17.9136,-66.9033
pr2020056003,2020-02-25T01:01:35.260Z,17.9545,-66.9563
pr2020056004,2020-02-25T01:12:45.640Z,17.9035,-66.7888
pr2020056005,2020-02-25T04:06:22.500Z,17.8786,-66.8236
pr2020056006,2020-02-25T05:27:12.210Z,17.8816,-66.8608
pr2020056007,2020-02-25T05:52:18.450Z,17.847,-66.8516
pr2020056008,2020-02-25T09:14:49.190Z,17.8691,-66.8623
pr2020056009,2020-02-25T09:28:31.810Z,17.7913,-66.879
pr2020056010,2020-02-25T10:41:02.800Z,19.2171,-67.8101
pr2020056011,2020-02-25T10:54:30.930Z,17.9438,-66.811
pr2020056012,2020-02-25T11:42:09.060Z,17.8403,-66.8606
pr2020056013,2020-02-25T11:07:35.760Z,17.823,-66.8546
pr2020056014,2020-02-25T12:30:37.190Z,17.9095,-66.9181
pr2020056015,2020-02-25T14:39:22.130Z,17.8473,-66.881
pr2020056016,2020-02-25T13:23:14.600Z,17.9441,-66.8015
pr2020056017,2020-02-25T15:53:26.190Z,17.8911,-66.7458
pr2020056018,2020-02-25T16:06:32.300Z,17.81,-66.873
pr2020056019,2020-02-25T16:39:50.460Z,17.8275,-66.8711
pr2020056021,2020-02-25T16:48:49.030Z,17.9548,-66.9271
pr2020056022,2020-02-25T17:00:00.820Z,17.954,-66.8
pr2020056023,2020-02-25T16:45:59.030Z,17.848,-66.8763
pr2020056024,2020-02-25T17:30:59.200Z,17.9678,-66.7393
pr2020056025,2020-02-25T19:14:26.530Z,17.9451,-66.8301
pr2020056026,2020-02-25T18:41:43.570Z,17.9356,-66.8448
pr2020056027,2020-02-25T19:40:28.630Z,17.9523,-66.8181
pr2020056028,2020-02-25T20:31:15.850Z,17.882,-66.838
pr2020056029,2020-02-25T20:39:46.300Z,17.8723,-66.834
pr2020056030,2020-02-25T21:36:29.170Z,17.8325,-66.8596
pr2020056031,2020-02-25T21:50:13.950Z,17.8108,-66.846
pr2020056032,2020-02-25T22:15:39.530Z,17.9375,-66.7288
pr2020056033,2020-02-25T23:16:11.560Z,19.0413,-67.0623
pr2020056034,2020-02-25T23:24:54.280Z,19.0986,-67.0855
pr2020057000,2020-02-26T00:00:54.240Z,19.3178,-63.8093
pr2020057001,2020-02-26T01:38:27.870Z,17.9556,-66.843
pr2020057002,2020-02-26T01:32:27.920Z,17.953,-66.8596
pr2020057003,2020-02-26T01:53:10.910Z,17.9561,-66.8141
pr2020057004,2020-02-26T02:29:06.100Z,19.1338,-67.2156
pr2020057005,2020-02-26T02:42:19.000Z,17.951,-66.5948
pr2020057006,2020-02-26T03:18:28.670Z,17.9376,-66.8248
pr2020057007,2020-02-26T03:30:31.380Z,17.9211,-66.8673
pr2020057008,2020-02-26T04:24:19.670Z,17.953,-66.8861
pr2020057009,2020-02-26T06:58:06.200Z,17.8611,-66.8506
pr2020057010,2020-02-26T07:37:38.740Z,17.9141,-66.893
pr2020057011,2020-02-26T07:33:49.700Z,17.9648,-66.7193
pr2020057012,2020-02-26T07:41:32.820Z,18.0021,-66.8021
pr2020057013,2020-02-26T08:03:36.930Z,17.9361,-66.8675
pr2020057014,2020-02-26T08:40:37.140Z,17.9116,-66.9393
pr2020057015,2020-02-26T08:47:18.180Z,17.8875,-66.9081
pr2020057016,2020-02-26T09:45:00.460Z,17.93,-66.9676
pr2020057017,2020-02-26T09:05:23.530Z,17.9606,-66.7418
pr2020057018,2020-02-26T14:39:48.550Z,17.9261,-66.936
pr2020057019,2020-02-26T14:42:31.250Z,17.9438,-67.0176
pr2020057020,2020-02-26T12:15:25.700Z,17.9443,-66.9513
pr2020057021,2020-02-26T15:22:36.670Z,17.936,-66.8245
pr2020057022,2020-02-26T15:55:46.130Z,17.9238,-66.9683
pr2020057023,2020-02-26T14:51:35.110Z,17.9721,-66.879
pr2020057024,2020-02-26T16:53:52.300Z,17.87,-66.8786
pr2020057025,2020-02-26T15:15:08.750Z,17.9145,-66.9303
pr2020057026,2020-02-26T17:57:00.190Z,17.9471,-66.8065
pr2020057027,2020-02-26T18:56:29.370Z,17.8181,-66.9043
pr2020057028,2020-02-26T20:14:38.940Z,17.8425,-66.862
pr2020057029,2020-02-26T20:34:35.840Z,17.9098,-66.8346
pr2020057030,2020-02-26T20:53:51.230Z,17.8926,-66.7805
pr2020057031,2020-02-26T21:19:58.650Z,17.9298,-67.0303
pr2020057032,2020-02-26T22:24:54.360Z,17.8985,-66.8263
pr2020057033,2020-02-26T23:00:27.590Z,17.9855,-66.7605
pr2020057034,2020-02-26T23:12:11.300Z,17.9505,-66.7455
pr2020057035,2020-02-26T23:17:13.520Z,17.9308,-66.8238
pr2020057036,2020-02-26T23:13:04.410Z,17.9796,-66.8798
pr2020058000,2020-02-27T01:02:45.020Z,17.9705,-66.8436
pr2020058001,2020-02-27T01:50:08.470Z,17.9716,-66.8301
pr2020058002,2020-02-27T02:27:22.050Z,17.8751,-66.854
pr2020058003,2020-02-27T03:11:49.060Z,17.998,-66.7943
pr2020058004,2020-02-27T04:06:14.770Z,17.788,-66.884
pr2020058005,2020-02-27T04:10:57.020Z,18.0275,-66.79
pr2020058006,2020-02-27T04:52:18.840Z,18.0148,-66.7955
pr2020058007,2020-02-27T06:10:51.110Z,17.9493,-66.9903
pr2020058008,2020-02-27T06:43:14.500Z,17.917,-67.0125
pr2020058009,2020-02-27T07:02:46.290Z,17.8678,-66.8568
pr2020058010,2020-02-27T07:14:13.790Z,17.9031,-66.8998
pr2020058011,2020-02-27T08:27:25.150Z,18.0475,-66.7968
pr2020058012,2020-02-27T08:45:45.940Z,17.9248,-66.9846
pr2020058013,2020-02-27T08:47:34.220Z,18.0448,-66.8003
pr2020058015,2020-02-27T09:05:34.390Z,17.8731,-66.8505
pr2020058016,2020-02-27T09:27:52.740Z,18.0055,-66.7941
pr2020058017,2020-02-27T09:52:13.830Z,18.059,-66.7971
pr2020058018,2020-02-27T10:02:50.650Z,17.8985,-66.9475
pr2020058019,2020-02-27T10:56:41.290Z,17.9251,-66.8738
pr2020058021,2020-02-27T12:21:18.530Z,17.967,-66.8276
pr2020058022,2020-02-27T11:37:36.600Z,17.9363,-67.01
pr2020058023,2020-02-27T13:40:44.840Z,17.9115,-66.8466
pr2020058024,2020-02-27T13:54:44.900Z,17.9106,-66.879
pr2020058025,2020-02-27T13:43:25.420Z,17.886,-66.8471
pr2020058026,2020-02-27T14:42:54.120Z,17.9501,-66.8345
pr2020058027,2020-02-27T14:41:36.650Z,17.8948,-66.8978
pr2020058028,2020-02-27T15:11:08.620Z,17.8645,-66.8461
pr2020058029,2020-02-27T12:28:43.650Z,17.8798,-66.8433
pr2020058030,2020-02-27T15:27:03.190Z,17.912,-66.9693
pr2020058031,2020-02-27T16:03:15.080Z,17.924,-66.8921
pr2020058032,2020-02-27T16:24:31.380Z,17.8628,-66.8681
pr2020058033,2020-02-27T15:32:28.140Z,17.9075,-66.8391
pr2020058034,2020-02-27T16:29:48.070Z,17.849,-66.8668
pr2020058035,2020-02-27T17:17:24.890Z,17.8796,-66.8465
pr2020058036,2020-02-27T17:22:09.750Z,17.9398,-66.9995
pr2020058037,2020-02-27T17:26:54.730Z,17.9955,-66.7913
pr2020058038,2020-02-27T19:18:26.130Z,17.9491,-66.9146
pr2020058039,2020-02-27T19:24:41.420Z,17.9776,-66.8126
pr2020058040,2020-02-27T19:39:34.560Z,17.911,-66.8318
pr2020058041,2020-02-27T20:06:29.900Z,17.9141,-66.946
pr2020058042,2020-02-27T20:25:01.880Z,17.922,-66.9448
pr2020058043,2020-02-27T21:03:57.250Z,17.972,-66.751
pr2020058044,2020-02-27T21:16:29.610Z,17.922,-66.8331
pr2020058045,2020-02-27T21:12:36.510Z,17.9316,-66.945
pr2020058046,2020-02-27T21:24:22.800Z,17.9125,-66.8286
pr2020058047,2020-02-27T21:43:39.820Z,17.8356,-66.8625
pr2020058048,2020-02-27T22:11:43.680Z,18.0051,-66.8281
pr2020058049,2020-02-27T22:23:27.850Z,17.8853,-66.8443
pr2020058050,2020-02-27T23:11:58.720Z,17.821,-66.9015
pr2020058051,2020-02-27T23:26:33.490Z,17.9808,-66.8723
pr2020058052,2020-02-27T13:15:38.430Z,17.8763,-67.8161
pr2020058053,2020-02-27T13:15:54.080Z,17.9328,-67.0081
pr2020059000,2020-02-28T00:46:02.370Z,17.8386,-66.861
pr2020059001,2020-02-28T00:20:46.610Z,17.9015,-66.8403
pr2020059002,2020-02-28T00:52:43.870Z,17.8298,-66.8716
pr2020059003,2020-02-28T00:49:21.820Z,17.8405,-66.8621
pr2020059004,2020-02-28T00:56:33.800Z,17.8428,-66.8611
pr2020059005,2020-02-28T00:59:39.810Z,17.8465,-66.8653
pr2020059006,2020-02-28T01:20:50.340Z,17.834,-66.8653
pr2020059007,2020-02-28T01:37:05.460Z,17.8515,-66.8628
pr2020059008,2020-02-28T01:52:42.260Z,17.8915,-66.8641
pr2020059009,2020-02-28T02:05:02.270Z,17.8513,-66.8666
pr2020059010,2020-02-28T02:22:41.990Z,17.9278,-66.8223
pr2020059011,2020-02-28T02:27:33.640Z,17.9878,-66.756
pr2020059012,2020-02-28T02:33:01.550Z,17.8318,-66.865
pr2020059013,2020-02-28T02:31:29.420Z,17.8878,-66.8396
pr2020059014,2020-02-28T03:05:31.550Z,17.899,-66.8728
pr2020059015,2020-02-28T03:20:50.490Z,17.8926,-66.8343
pr2020059016,2020-02-28T03:22:15.130Z,17.8305,-66.8636
pr2020059017,2020-02-28T03:45:57.600Z,17.8746,-66.853
pr2020059018,2020-02-28T04:01:00.520Z,17.9205,-66.7713
pr2020059019,2020-02-28T04:29:55.980Z,17.8563,-66.869
pr2020059020,2020-02-28T05:04:45.390Z,17.9043,-66.8335
pr2020059021,2020-02-28T05:28:34.230Z,17.9768,-66.7583
pr2020059022,2020-02-28T05:49:34.940Z,17.8428,-66.8545
pr2020059023,2020-02-28T06:07:47.810Z,17.8116,-66.836
pr2020059024,2020-02-28T06:04:05.050Z,17.851,-66.865
pr2020059025,2020-02-28T06:11:36.040Z,17.8548,-66.8621
pr2020059026,2020-02-28T05:53:11.990Z,17.852,-66.865
pr2020059027,2020-02-28T06:27:11.040Z,18.0468,-66.7426
pr2020059028,2020-02-28T06:53:39.770Z,17.9565,-66.8243
pr2020059029,2020-02-28T07:00:21.150Z,17.945,-66.819
pr2020059030,2020-02-28T07:19:01.420Z,17.8513,-66.8673
pr2020059031,2020-02-28T07:31:50.850Z,17.9263,-66.8681
pr2020059032,2020-02-28T07:36:04.370Z,17.7435,-66.8896
pr2020059033,2020-02-28T08:03:55.370Z,17.8756,-66.881
pr2020059034,2020-02-28T08:44:57.560Z,17.9625,-66.7448
pr2020059035,2020-02-28T08:55:48.860Z,17.8116,-66.8593
pr2020059036,2020-02-28T09:07:08.380Z,17.8301,-66.8665
pr2020059037,2020-02-28T09:12:02.780Z,17.983,-66.8108
pr2020059038,2020-02-28T09:50:49.160Z,17.8911,-66.848
pr2020059039,2020-02-28T10:23:29.480Z,17.923,-66.8241
pr2020059040,2020-02-28T10:50:24.390Z,17.8445,-66.8578
pr2020059041,2020-02-28T11:40:28.650Z,17.9253,-66.9316
pr2020059042,2020-02-28T12:36:23.490Z,17.9756,-66.7445
pr2020059043,2020-02-28T12:44:00.130Z,17.8713,-66.8923
pr2020059044,2020-02-28T14:04:06.760Z,17.8856,-66.8155
pr2020059045,2020-02-28T15:16:56.070Z,17.9191,-67.012
pr2020059046,2020-02-28T15:22:09.080Z,17.8976,-66.9291
pr2020059047,2020-02-28T15:31:51.640Z,17.9681,-66.7938
pr2020059048,2020-02-28T16:04:16.230Z,17.931,-66.87
pr2020059049,2020-02-28T17:05:25.330Z,17.9973,-66.8045
pr2020059050,2020-02-28T18:47:07.760Z,17.761,-66.8478
pr2020059051,2020-02-28T18:55:47.960Z,17.8205,-66.8473
pr2020059052,2020-02-28T22:18:13.920Z,18.0476,-66.8491
pr2020060000,2020-02-29T00:07:56.890Z,17.848,-66.8536
pr2020060001,2020-02-29T01:30:54.340Z,17.9193,-66.9411
pr2020060002,2020-02-29T02:26:04.270Z,17.9686,-66.8661
pr2020060003,2020-02-29T02:37:30.910Z,17.8898,-66.8738
pr2020060004,2020-02-29T02:54:41.200Z,17.823,-66.8505
pr2020060005,2020-02-29T03:18:21.620Z,17.7843,-66.8846
pr2020060006,2020-02-29T03:15:19.550Z,17.9306,-66.8146
pr2020060007,2020-02-29T03:25:08.510Z,17.93,-66.8125
pr2020060008,2020-02-29T03:40:41.700Z,18.0215,-66.7968
pr2020060009,2020-02-29T04:16:09.800Z,17.8685,-66.838
pr2020060010,2020-02-29T04:18:05.330Z,17.947,-66.8246
pr2020060011,2020-02-29T04:23:37.940Z,17.9086,-66.8211
pr2020060012,2020-02-29T05:13:37.060Z,17.917,-66.8961
pr2020060013,2020-02-29T06:33:14.680Z,17.8595,-66.863
pr2020060014,2020-02-29T06:52:52.790Z,17.9245,-66.901
pr2020060015,2020-02-29T08:55:46.180Z,17.9055,-66.8433
pr2020060016,2020-02-29T09:05:21.730Z,17.9161,-66.843
pr2020060017,2020-02-29T11:08:17.470Z,17.8778,-66.8415
pr2020060018,2020-02-29T11:19:30.840Z,17.9688,-66.8188
pr2020060019,2020-02-29T11:23:50.810Z,18.9036,-66.7406
pr2020060020,2020-02-29T11:53:36.070Z,17.9526,-66.832
pr2020060021,2020-02-29T12:19:05.040Z,18.1265,-67.8261
pr2020060022,2020-02-29T13:32:14.100Z,17.9088,-66.839
pr2020060023,2020-02-29T13:48:22.710Z,17.8876,-66.8423
pr2020060025,2020-02-29T14:42:53.760Z,17.91,-66.8576
pr2020060026,2020-02-29T15:51:12.660Z,17.9103,-66.8628
pr2020060027,2020-02-29T15:25:25.840Z,17.8808,-66.854
pr2020060028,2020-02-29T14:51:31.870Z,17.9861,-66.8036
pr2020060029,2020-02-29T17:39:46.040Z,17.9141,-66.8136
pr2020060030,2020-02-29T15:18:56.150Z,17.9903,-66.8001
pr2020060031,2020-02-29T18:14:33.810Z,17.9645,-67.0486
pr2020060032,2020-02-29T15:32:58.140Z,17.9958,-66.84
pr2020060033,2020-02-29T15:10:45.470Z,17.9836,-66.8011
pr2020060034,2020-02-29T15:33:00.550Z,17.9921,-66.8476
pr2020060035,2020-02-29T15:37:12.980Z,17.8783,-66.8496
pr2020060036,2020-02-29T16:52:59.210Z,17.9908,-66.756
pr2020060037,2020-02-29T17:09:30.100Z,17.7945,-66.8518
pr2020060038,2020-02-29T17:00:51.700Z,17.8135,-66.909
pr2020060039,2020-02-29T17:49:13.630Z,17.886,-66.8525
pr2020060040,2020-02-29T17:58:51.950Z,17.921,-66.818
pr2020060041,2020-02-29T18:26:11.560Z,17.8598,-66.8581
pr2020060042,2020-02-29T18:55:35.020Z,17.8538,-66.8553
pr2020060043,2020-02-29T19:59:13.570Z,17.9418,-67.005
pr2020060044,2020-02-29T19:09:06.170Z,17.9018,-66.8506
pr2020060045,2020-02-29T20:43:45.090Z,17.9278,-66.9366
pr2020060046,2020-02-29T19:46:16.650Z,17.9623,-66.813
pr2020060047,2020-02-29T21:49:43.900Z,17.8536,-66.832
pr2020060048,2020-02-29T20:29:17.210Z,17.9035,-66.8465
pr2020060049,2020-02-29T21:55:27.200Z,17.8851,-66.8453
pr2020060050,2020-02-29T22:25:54.180Z,17.993,-66.8388
pr2020060051,2020-02-29T22:57:40.220Z,17.8346,-66.9118
pr2020061000,2020-03-01T00:10:31.140Z,17.9001,-66.6955
pr2020061001,2020-03-01T00:24:05.290Z,17.8331,-66.8263
pr2020061002,2020-03-01T00:32:16.130Z,17.8618,-66.8906
pr2020061003,2020-03-01T01:24:02.210Z,17.8881,-66.841
pr2020061004,2020-03-01T01:53:13.010Z,17.896,-66.8425
pr2020061005,2020-03-01T02:24:48.310Z,17.9113,-66.8575
pr2020061006,2020-03-01T02:00:05.760Z,17.9801,-66.7725
pr2020061007,2020-03-01T03:16:42.440Z,17.9031,-66.7891
pr2020061008,2020-03-01T03:46:52.910Z,17.8321,-66.89
pr2020061009,2020-03-01T04:55:23.720Z,17.8568,-66.8981
pr2020061010,2020-03-01T05:51:01.570Z,17.9303,-66.93
pr2020061011,2020-03-01T06:46:25.270Z,17.9623,-66.841
pr2020061012,2020-03-01T07:05:29.880Z,17.9406,-66.8358
pr2020061013,2020-03-01T07:31:00.960Z,17.9225,-66.8223
pr2020061014,2020-03-01T08:56:09.700Z,17.894,-66.8105
pr2020061015,2020-03-01T09:35:49.860Z,17.9046,-66.8093
pr2020061016,2020-03-01T09:53:34.060Z,17.8388,-66.8756
pr2020061017,2020-03-01T09:49:43.950Z,17.8716,-66.8523
pr2020061018,2020-03-01T10:12:54.070Z,17.9163,-66.8388
pr2020061019,2020-03-01T10:20:54.110Z,17.8353,-66.8618
pr2020061020,2020-03-01T10:31:12.590Z,17.8375,-66.8668
pr2020061021,2020-03-01T10:42:09.490Z,17.8176,-66.8705
pr2020061022,2020-03-01T11:03:53.960Z,17.8856,-66.8945
pr2020061023,2020-03-01T11:28:12.280Z,17.8983,-66.8906
pr2020061024,2020-03-01T10:46:31.010Z,17.8308,-66.8615
pr2020061025,2020-03-01T11:41:23.640Z,17.9626,-66.7983
pr2020061026,2020-03-01T12:10:36.420Z,17.9536,-66.9628
pr2020061027,2020-03-01T12:39:53.750Z,17.9901,-66.744
pr2020061028,2020-03-01T13:47:14.120Z,17.8906,-66.9315
pr2020061029,2020-03-01T13:12:58.520Z,17.9656,-67.0236
pr2020061030,2020-03-01T15:13:44.820Z,17.929,-66.948
pr2020061031,2020-03-01T15:44:02.690Z,17.8991,-66.9383
pr2020061032,2020-03-01T15:48:52.890Z,17.8301,-66.8831
pr2020061033,2020-03-01T16:07:33.720Z,17.8828,-66.8211
pr2020061034,2020-03-01T16:46:54.480Z,17.9123,-66.8873
pr2020061035,2020-03-01T17:40:31.310Z,17.9043,-66.8523
pr2020061037,2020-03-01T18:43:22.550Z,17.9466,-67.0101
pr2020061038,2020-03-01T17:45:39.310Z,17.8726,-66.884
pr2020061039,2020-03-01T19:43:01.110Z,17.9093,-66.8933
pr2020061040,2020-03-01T10:54:06.100Z,17.9756,-66.6953
pr2020061041,2020-03-01T20:37:37.120Z,17.8863,-67.041
pr2020061042,2020-03-01T21:49:50.830Z,17.9128,-66.9176
pr2020061043,2020-03-01T22:09:10.160Z,17.8873,-66.8315
pr2020061044,2020-03-01T21:50:50.350Z,17.8441,-66.8563
pr2020061045,2020-03-01T23:00:51.160Z,18.9818,-67.584
pr2020061046,2020-03-01T23:27:39.320Z,17.9028,-66.8173
pr2020062000,2020-03-02T00:01:12.080Z,17.9093,-66.8868
pr2020062001,2020-03-02T00:27:57.870Z,17.8528,-66.8801
pr2020062002,2020-03-02T01:58:06.200Z,17.8633,-66.8183
pr2020062003,2020-03-02T02:13:09.430Z,17.8883,-66.828
pr2020062004,2020-03-02T02:47:17.170Z,18.6513,-66.7178
pr2020062005,2020-03-02T03:27:59.880Z,17.849,-66.8538
pr2020062006,2020-03-02T03:12:50.990Z,17.9,-66.8798
pr2020062007,2020-03-02T03:32:09.740Z,17.8311,-66.8586
pr2020062008,2020-03-02T05:46:18.500Z,17.923,-66.8423
pr2020062009,2020-03-02T06:27:21.060Z,17.891,-66.916
pr2020062010,2020-03-02T07:04:42.500Z,17.9896,-66.8563
pr2020062011,2020-03-02T08:20:28.240Z,17.9206,-66.6821
pr2020062012,2020-03-02T09:32:59.040Z,17.9215,-66.828
pr2020062013,2020-03-02T10:25:56.610Z,17.9285,-66.8188
pr2020062014,2020-03-02T10:41:44.900Z,17.9941,-66.831
pr2020062015,2020-03-02T11:21:37.550Z,17.8293,-66.8288
pr2020062016,2020-03-02T11:28:54.070Z,17.8703,-66.8968
pr2020062017,2020-03-02T11:43:48.720Z,17.9911,-66.8168
pr2020062018,2020-03-02T12:43:24.390Z,17.8493,-66.8708
pr2020062019,2020-03-02T13:35:38.320Z,17.8863,-66.8986
pr2020062020,2020-03-02T14:02:08.230Z,17.9855,-66.7163
pr2020062021,2020-03-02T14:07:16.820Z,17.8291,-66.8495
pr2020062022,2020-03-02T15:27:20.870Z,17.8998,-66.8421
pr2020062023,2020-03-02T15:36:10.570Z,17.9175,-66.7393
pr2020062024,2020-03-02T15:45:41.430Z,17.8821,-66.8455
pr2020062025,2020-03-02T16:25:49.970Z,17.9006,-66.8436
pr2020062026,2020-03-02T16:45:22.620Z,17.8953,-66.8495
pr2020062027,2020-03-02T17:09:25.930Z,17.9038,-66.8341
pr2020062028,2020-03-02T17:15:32.280Z,17.8985,-66.8421
pr2020062029,2020-03-02T17:31:06.660Z,17.8778,-66.8455
se60101023,2020-02-27T06:05:58.230Z,37.3225,-87.2585
se60101223,2020-02-29T04:14:25.450Z,36.4875,-82.781
se60101423,2020-02-29T23:04:56.070Z,34.6515,-88.3948333
us6000847i,2020-02-25T20:50:50.833Z,5.2177,125.4593
us6000848g,2020-02-25T21:17:33.363Z,-9.9377,161.0754
us6000849j,2020-02-25T21:48:42.473Z,37.3825,72.0109
us600084av,2020-02-25T22:28:15.107Z,38.4672,44.2139
us600084bs,2020-02-25T23:03:37.771Z,38.3128,38.7842
us600084bt,2020-02-25T06:16:20.298Z,24.2411,90.0385
us600084cv,2020-02-26T00:23:32.962Z,15.8766,119.2185
us600084d3,2020-02-26T00:22:29.771Z,31.0926,130.3196
us600084d8,2020-02-26T01:23:39.798Z,-21.3945,-67.2874
us600084ex,2020-02-26T03:40:36.195Z,-18.8935,-69.3412
us600084fu,2020-02-26T05:34:13.180Z,23.7991,121.6798
us600084g0,2020-02-26T06:17:38.704Z,-35.8828,-178.9063
us600084gu,2020-02-26T07:33:13.350Z,-7.5625,131.1195
us600084j7,2020-02-26T10:37:00.600Z,77.3903,7.3364
us600084ja,2020-02-26T10:44:18.263Z,-20.4902,-178.6797
us600084la,2020-02-26T13:28:16.110Z,-5.7802,153.4371
us600084lh,2020-02-26T14:20:11.124Z,35.2664,27.8003
us600084lt,2020-02-26T15:04:09.103Z,33.0115,76.2724
us600084m8,2020-02-26T15:41:08.939Z,-8.9906,126.0295
us600084mv,2020-02-26T16:43:09.202Z,10.8928,-86.6071
us600084nf,2020-02-26T17:14:43.789Z,2.6504,-79.5627
us600084r6,2020-02-26T18:11:53.454Z,31.6576,-104.4872
us600084te,2020-02-26T19:46:15.794Z,77.494,7.7401
us600084u3,2020-02-26T20:21:32.529Z,-30.9789,-71.4117
us60008511,2020-02-27T01:03:21.483Z,6.8745,125.0089
us6000851k,2020-02-27T00:25:19.429Z,18.6867,-81.2648
us6000851q,2020-02-27T01:37:00.582Z,-29.5154,-71.1962
us60008521,2020-02-27T01:59:04.883Z,13.5724,-91.0328
us60008522,2020-02-27T02:08:45.943Z,38.1757,38.6435
us6000852b,2020-02-27T02:36:19.239Z,0.5493,121.8484
us6000852t,2020-02-27T03:52:12.185Z,-23.98,-67.0219
us60008535,2020-02-27T04:11:11.106Z,-12.2781,-14.7808
us6000856p,2020-02-27T10:17:37.725Z,39.9454,51.4863
us6000857v,2020-02-27T12:20:19.621Z,35.2993,27.9087
us60008582,2020-02-27T12:43:58.157Z,-25.3014,179.9027
us6000858g,2020-02-27T13:28:47.959Z,-8.6535,118.2783
us60008594,2020-02-27T14:36:14.358Z,35.3453,27.9438
us6000859g,2020-02-27T15:01:21.795Z,36.1676,69.8316
us6000859r,2020-02-27T15:18:18.972Z,-13.8044,-14.6631
us600085g3,2020-02-27T19:13:02.206Z,3.8539,125.7757
us600085gn,2020-02-27T19:20:58.435Z,1.9166,126.5437
us600085my,2020-02-27T22:20:36.798Z,-54.5473,-118.8582
us600085pz,2020-02-27T23:56:20.905Z,28.2848,103.5695
us600085qq,2020-02-28T01:08:29.339Z,37.2841,-97.4208
us600085uj,2020-02-28T04:48:30.524Z,6.7103,-72.9994
us600085v5,2020-02-28T05:10:07.559Z,26.8051,130.0712
us600085v8,2020-02-28T05:50:18.075Z,35.2896,71.8553
us600085vh,2020-02-28T06:02:50.040Z,-8.6187,119.8093
us600085x5,2020-02-28T07:41:50.214Z,-18.8916,-172.9242
us600085xk,2020-02-28T07:38:17.279Z,52.6622,159.5925
us6000860e,2020-02-28T10:19:51.902Z,26.8355,143.6484
us6000860u,2020-02-28T10:48:41.301Z,44.802,-111.5466
us6000860v,2020-02-28T07:40:33.796Z,51.7696,-177.8932
us6000860z,2020-02-28T10:54:06.728Z,2.0469,126.8143
us60008612,2020-02-28T11:07:11.599Z,33.0053,76.2837
us6000861s,2020-02-28T12:12:28.739Z,49.0776,151.7101
us60008632,2020-02-28T13:24:23.839Z,36.1943,70.4326
us60008636,2020-02-28T13:34:48.877Z,26.8725,143.632
us6000863e,2020-02-28T14:02:55.047Z,-4.2084,102.9253
us6000863h,2020-02-28T14:05:23.333Z,56.4846,-148.5008
us6000864q,2020-02-27T01:08:20.840Z,37.942,-105.3372
us60008686,2020-02-24T23:34:15.783Z,6.1109,127.4484
us6000869j,2020-02-28T18:12:56.381Z,21.1401,101.8912
us600086as,2020-02-28T18:47:58.579Z,-55.3574,-29.3818
us600086ep,2020-02-28T20:29:04.364Z,27.2897,140.2321
us600086h7,2020-02-28T21:36:26.013Z,41.7787,81.1005
us600086ik,2020-02-28T22:04:11.948Z,19.5815,-109.3028
us600086lg,2020-02-28T23:09:09.612Z,55.7593,130.1317
us600086mr,2020-02-29T00:34:19.715Z,-24.1569,-176.8681
us600086n3,2020-02-29T01:11:30.215Z,-22.0079,-68.576
us600086p0,2020-02-29T01:57:12.272Z,-19.3637,-173.3529
us600086p5,2020-02-29T02:13:11.132Z,-31.4777,-68.7594
us600086p9,2020-02-29T02:25:21.527Z,10.568,-62.4153
us600086pe,2020-02-29T02:44:08.956Z,19.445,-68.78
us600086pq,2020-02-29T03:05:27.265Z,35.113,-14.6529
us600086rw,2020-02-29T05:46:48.124Z,16.318,-92.9317
us600086su,2020-02-29T06:43:42.690Z,-21.9786,169.1091
us600086tf,2020-02-29T07:22:41.760Z,36.5636,71.232
us600086tp,2020-02-29T08:06:10.508Z,5.8384,-77.6415
us600086um,2020-02-29T09:28:26.486Z,3.1433,128.2078
us600086v4,2020-02-29T10:32:49.498Z,18.4218,-64.2581
us600086vt,2020-02-29T11:54:23.855Z,14.9373,-93.7718
us600086w9,2020-02-29T12:29:48.654Z,38.3512,39.2795
us600086x0,2020-02-29T13:06:32.420Z,44.794,-111.5349
us600086xp,2020-02-29T13:46:43.344Z,-5.5576,151.2522
us600086y2,2020-02-29T14:27:38.981Z,17.964,-66.7958
us600086yk,2020-02-29T14:51:30.737Z,53.2703,-166.127
us600086z9,2020-02-29T15:45:27.938Z,-25.8464,-69.3545
us600086zt,2020-02-29T16:03:28.589Z,-6.5213,127.5302
us60008735,2020-02-29T20:05:27.113Z,26.4801,92.0755
us60008736,2020-02-29T19:53:47.717Z,66.4565,-170.9956
us6000876d,2020-03-01T00:08:38.291Z,37.2794,141.9918
us6000876z,2020-03-01T01:45:39.092Z,31.934,-102.3134
us60008778,2020-03-01T02:05:38.966Z,19.728,121.3565
us6000877n,2020-03-01T03:13:16.924Z,-21.1429,-68.4626
us6000878x,2020-03-01T05:04:32.391Z,21.9314,143.8738
us6000879e,2020-03-01T06:01:40.092Z,36.5596,70.9385
us600087cz,2020-03-01T11:03:53.949Z,19.7559,121.2685
us600087es,2020-03-01T14:11:12.016Z,54.8125,-163.0263
us600087ff,2020-03-01T15:50:13.314Z,-6.2346,114.438
us600087gk,2020-03-01T18:13:01.813Z,-20.6904,-178.2417
us600087i2,2020-03-01T20:29:40.550Z,53.141,-170.4406
us600087il,2020-03-01T21:19:20.194Z,11.3555,124.6294
us600087jr,2020-03-01T22:10:51.113Z,-16.1125,-176.074
us600087lz,2020-03-02T00:31:15.856Z,51.1353,-179.8565
us600087mu,2020-03-02T00:47:34.701Z,39.35,144.6548
us600087ns,2020-03-02T03:05:23.549Z,56.0554,-149.8402
us600087r0,2020-03-02T05:58:16.934Z,31.9356,-102.303
us600087sk,2020-03-02T08:19:42.080Z,-18.7922,169.4194
us600087ta,2020-03-02T09:26:57.496Z,51.5715,-177.2009
us600087uk,2020-03-02T12:34:28.804Z,31.3256,-103.5182
us600087vh,2020-03-02T13:43:22.869Z,50.679,-130.0114
us600087wt,2020-03-02T14:52:52.422Z,38.1813,38.8551
us600087x1,2020-03-01T12:10:05.899Z,37.2776,-104.5725
us600087x2,2020-03-02T15:04:01.170Z,-20.4356,-69.4447
us600087yy,2020-03-02T17:06:13.515Z,-17.7578,-178.3508
us70007w28,2020-02-24T20:59:21.129Z,-1.984,99.856
us70007w3y,2020-02-24T21:44:38.234Z,-7.1022,129.1873
us70007w65,2020-02-24T23:11:31.429Z,-21.7791,-67.5562
us70007w6f,2020-02-24T23:44:38.315Z,38.5195,44.429
us70007w6u,2020-02-25T00:13:31.842Z,13.577,-91.5529
us70007w78,2020-02-25T00:30:56.799Z,37.3927,-108.9585
us70007w7n,2020-02-25T00:49:41.899Z,-23.0059,-69.4219
us70007w8g,2020-02-25T02:07:28.142Z,-17.7821,-178.8644
us70007w8k,2020-02-25T02:15:35.841Z,14.0612,145.5006
us70007w9l,2020-02-25T04:15:02.857Z,-8.0653,-79.9568
us70007wax,2020-02-25T05:53:24.431Z,45.8669,-111.3619
us70007wbp,2020-02-25T06:39:47.962Z,39.5546,143.2295
us70007we1,2020-02-25T11:14:04.234Z,24.3895,121.4006
us70007web,2020-02-25T11:42:08.895Z,26.8575,55.6566
us70007wfn,2020-02-25T13:13:09.891Z,6.0716,124.0456
us70007wg2,2020-02-25T14:14:05.283Z,38.4657,44.3185
us70007whj,2020-02-25T16:54:36.221Z,-40.5815,-85.9522
uu60020109,2020-02-25T17:20:32.620Z,44.63,-110.7258333
uu60361212,2020-02-24T18:48:09.630Z,44.6568333,-110.914
uu60361232,2020-02-24T19:10:56.650Z,38.5318333,-112.4896667
uu60361257,2020-02-24T21:09:35.520Z,44.7316667,-111.1318333
uu60361302,2020-02-25T01:54:51.320Z,41.659,-112.4493333
uu60361332,2020-02-25T07:42:53.500Z,41.4655,-112.3138333
uu60361337,2020-02-25T09:05:02.810Z,39.393,-111.079
uu60361342,2020-02-25T09:45:36.960Z,37.1766667,-113.4066667
uu60361372,2020-02-25T21:04:39.530Z,39.401,-110.289
uu60361407,2020-02-26T02:55:23.470Z,38.84,-111.5535
uu60361412,2020-02-26T06:24:19.780Z,38.8141667,-113.9161667
uu60361417,2020-02-26T06:27:27.560Z,38.8095,-113.9226667
uu60361427,2020-02-26T12:42:12.490Z,42.6535,-111.4246667
uu60361432,2020-02-26T13:33:12.550Z,39.4206667,-110.3598333
uu60361457,2020-02-26T18:36:47.050Z,37.8461667,-113.027
uu60361462,2020-02-26T19:49:29.170Z,42.6513333,-111.2095
uu60361587,2020-02-27T22:21:40.180Z,39.4013333,-110.2945
uu60361612,2020-02-28T12:06:45.800Z,44.7208333,-111.1566667
uu60361627,2020-02-28T18:48:12.410Z,44.7461667,-110.6511667
uu60361717,2020-02-29T17:00:58.000Z,44.6545,-110.9156667
uu60361812,2020-03-02T07:59:12.100Z,37.7368333,-113.0525
uu60361852,2020-03-02T15:19:33.760Z,38.3426667,-112.1201667
uw61577402,2020-02-24T20:40:35.380Z,46.97466667,-122.209
uw61577497,2020-02-25T06:03:53.200Z,47.69916667,-121.5311667
uw61577507,2020-02-25T07:18:42.030Z,45.63866667,-122.8748333
uw61577567,2020-02-25T16:16:20.190Z,47.75466667,-122.328
uw61577742,2020-02-25T22:12:22.890Z,49.3795,-120.5335
uw61577767,2020-02-25T22:26:31.010Z,48.49566667,-118.5655
uw61578052,2020-02-26T19:48:23.100Z,47.01816667,-120.386
uw61578077,2020-02-26T21:43:03.650Z,47.256,-122.9673333
uw61578112,2020-02-27T00:35:29.270Z,45.72183333,-122.2061667
uw61578142,2020-02-27T07:59:09.910Z,48.052,-123.1078333
uw61578202,2020-02-27T16:08:30.980Z,46.65233333,-122.226
uw61578272,2020-02-27T20:39:47.310Z,45.9235,-123.0795
uw61578382,2020-02-28T00:41:17.010Z,45.92016667,-122.3941667
uw61578407,2020-02-28T02:04:49.400Z,45.63183333,-122.6406667
uw61578587,2020-02-28T21:00:32.610Z,45.7865,-118.176
uw61578782,2020-02-29T13:35:12.310Z,48.429,-123.413
uw61578987,2020-02-29T23:50:20.500Z,46.70716667,-121.0598333
uw61579007,2020-03-01T03:55:06.260Z,46.87633333,-122.3838333
uw61579022,2020-03-01T05:44:23.160Z,46.10733333,-118.853
uw61579062,2020-03-01T10:05:38.970Z,46.692,-122.2683333
uw61579262,2020-03-02T01:36:00.910Z,46.095,-118.8705
